section,comm_a,comm_b,raw,bits,within_section_z,n_pairs_in_section
2,KeterShemTov,KeterShemTovMS_L,0.6308,6.334,14.303,15
8,KeterShemTov,KeterShemTovMS_L,1.0000,6.334,8.780,36
15,KeterShemTov,KeterShemTovMS_L,0.5805,6.334,8.236,36
15,MeiratEinayim,SaportaOxford1645,0.5664,6.334,7.921,36
19_2,UnKnownEskorial,UnKnownVatikan214,0.8182,6.334,7.696,55
27,DaatChachamVatokan107,DaatChachamVatokan114,0.7987,6.334,7.496,55
20,UnKnownEskorial,UnKnownVatikan214,0.7660,6.334,7.084,66
22,DaatChachamVatokan214,UnKnownEskorial,0.6719,6.334,6.984,36
14,DaatChachamVatokan107,DaatChachamVatokan114,0.6771,6.334,6.364,66
14,KeterShemTov,KeterShemTovMS_L,0.6678,6.334,6.247,66
25_2,DaatChachamVatokan214,UnKnownEskorial,0.6437,6.334,6.243,28
26,UnKnownEskorial,UnKnownVatikan214,0.7013,6.334,6.094,66
6,KeterShemTov,KeterShemTovMS_L,0.5906,6.334,5.980,78
29,KeterShemTov,Ricanati_Zicaron_aharon_ed,0.6562,6.334,5.871,28
6,DaatChachamVatokan107,DaatChachamVatokan114,0.5727,6.334,5.755,78
10,KeterShemTov,KeterShemTovMS_L,0.5963,6.334,5.656,55
25,DaatChachamVatokan107,DaatChachamVatokan114,0.6000,6.334,5.561,28
30,DaatChachamVatokan214,UnKnownEskorial,0.7305,6.334,5.551,45
24,Comment_b_note_of_unknown,UnKnownVatikan214,0.5149,6.334,5.485,66
12,DaatChachamVatokan107,DaatChachamVatokan114,0.8013,6.334,5.483,78
10,DaatChachamVatokan107,DaatChachamVatokan114,0.5733,6.334,5.324,55
24,UnKnownEskorial,UnKnownVatikan214,0.4979,6.334,5.210,66
17,KeterShemTov,KeterShemTovMS_L,0.6030,6.334,5.186,55
24,DaatChachamVatokan107,DaatChachamVatokan114,0.4933,6.334,5.136,66
32,DaatChachamVatokan107,DaatChachamVatokan114,0.6376,6.334,5.067,21
27,UnKnownEskorial,UnKnownVatikan214,0.5965,6.334,5.061,55
16,KeterShemTov,KeterShemTovMS_L,0.6477,6.334,5.018,28
4,KeterShemTov,KeterShemTovMS_L,0.6397,6.334,4.959,66
19_2,DaatChachamVatokan107,DaatChachamVatokan114,0.5789,6.334,4.621,55
5,DaatChachamVatokan107,DaatChachamVatokan114,0.5393,6.334,4.592,78
21,DaatChachamVatokan214,UnKnownEskorial,0.6942,6.334,4.543,36
26_1,DaatChachamVatokan107,DaatChachamVatokan114,0.8750,6.334,4.484,28
20,DaatChachamVatokan107,DaatChachamVatokan114,0.5466,6.334,4.467,66
7_2,KeterShemTov,KeterShemTovMS_L,0.5966,6.334,4.249,15
21,KeterShemTov,Ricanati_Zicaron_aharon_ed,0.6689,6.334,4.241,36
6,IbnShuib,Likutim_bhml_1978,0.4396,6.334,4.080,78
19_1,DaatChachamVatokan107,DaatChachamVatokan114,0.5883,6.334,4.039,28
4,DaatChachamVatokan107,DaatChachamVatokan114,0.5524,6.334,3.966,66
9,KeterShemTov,KeterShemTovMS_L,0.7738,6.334,3.946,15
7_1,KeterShemTov,KeterShemTovMS_L,0.7750,6.334,3.913,45
11,DaatChachamVatokan107,DaatChachamVatokan114,0.6268,6.334,3.786,45
14,MeiratEinayim,SaportaOxford1645,0.4713,6.334,3.767,66
5,DaatChachamVatokan107,KenegedAsaraMaamaritLondon847,0.4701,6.334,3.662,78
11,KeterShemTov,KeterShemTovMS_L,0.5900,6.334,3.424,45
8,IbnShuib,Likutim_bhml_1978,0.4982,6.334,3.408,36
12,KeterShemTov,KeterShemTovMS_L,0.5601,6.334,3.394,78
8,DaatChachamVatokan107,DaatChachamVatokan114,0.4868,6.334,3.286,36
14,DaatChachamVatokan114,KenegedAsaraMaamaritLondon847,0.4283,6.334,3.225,66
29,UnKnownEskorial,UnKnownVatikan214,0.4667,6.334,3.219,28
25,IbnShuib,SaportaOxford1645,0.3905,6.334,3.067,28
23,DaatChachamVatokan214,UnKnownEskorial,0.7179,6.334,2.971,36
14,DaatChachamVatokan107,KenegedAsaraMaamaritLondon847,0.4072,6.334,2.959,66
7_2,DaatChachamVatokan114,KenegedAsaraMaamaritLondon847,0.5015,6.334,2.942,15
26_1,UnKnownEskorial,UnKnownVatikan214,0.6565,6.334,2.941,28
5,KeterShemTov,KeterShemTovMS_L,0.4129,6.334,2.892,78
26,DaatChachamVatokan107,DaatChachamVatokan114,0.4634,6.334,2.862,66
22,DaatChachamVatokan214,IbnShuib,0.3823,6.334,2.845,36
6,KeterShemTov,Ricanati_Zicaron_aharon_ed,0.3395,6.322,2.820,78
1,DaatChachamVatokan107,DaatChachamVatokan114,0.5534,6.334,2.801,45
13,KeterShemTov,KeterShemTovMS_L,0.5507,6.334,2.782,45
21,IbnShuib,Ricanati_Zicaron_aharon_ed,0.5447,6.334,2.755,36
24,Comment_b_note_of_unknown,KeterShemTov,0.3458,6.334,2.750,66
31,DaatChachamVatokan107,DaatChachamVatokan114,0.4521,6.334,2.711,36
30,DaatChachamVatokan107,DaatChachamVatokan114,0.4758,6.334,2.697,45
19_2,DaatChachamVatokan107,KenegedAsaraMaamaritLondon847,0.4283,6.334,2.686,55
10,Comment_a_shuib_Parma_68,IbnShuib,0.3896,6.334,2.671,55
24,Comment_b_note_of_unknown,IbnShuib,0.3393,6.322,2.645,66
30_1,DaatChachamVatokan107,DaatChachamVatokan114,0.4167,6.334,2.625,28
5,IbnShuib,Likutim_bhml_1978,0.3926,6.334,2.619,78
10,KenegedAsaraMaamaritLondon847,Ricanati_Zicaron_aharon_ed,0.3842,6.334,2.593,55
6,Likutim_bhml_1978,MeiratEinayim,0.3190,6.322,2.562,78
26,SaportaOxford1645,UnKnownEskorial,0.4308,6.334,2.419,66
20,Comment_a_shuib_Parma_68,KenegedAsaraMaamaritLondon847,0.3747,6.334,2.417,66
10,IbnShuib,KenegedAsaraMaamaritLondon847,0.3712,6.334,2.405,55
6,IbnShuib,Ricanati_Zicaron_aharon_ed,0.3048,6.322,2.383,78
6,IbnShuib,KeterShemTov,0.3032,6.322,2.363,78
30,DaatChachamVatokan214,KenegedAsaraMaamaritLondon847,0.4424,6.334,2.323,45
22,IbnShuib,UnKnownEskorial,0.3428,6.322,2.281,36
6,Rabenu_Bahayii,UnKnownEskorial,0.2955,4.737,2.266,78
26_1,DaatChachamVatokan107,UnKnownEskorial,0.5582,6.334,2.247,28
6,Likutim_bhml_1978,Ricanati_Zicaron_aharon_ed,0.2932,4.737,2.237,78
20,IbnShuib,UnKnownVatikan214,0.3574,6.334,2.211,66
26,SaportaOxford1645,UnKnownVatikan214,0.4130,6.334,2.178,66
1,KeterShemTov,KeterShemTovMS_L,0.4692,6.334,2.150,45
25_2,IbnShuib,KeterShemTov,0.3064,6.322,2.140,28
30,KenegedAsaraMaamaritLondon847,UnKnownEskorial,0.4261,6.334,2.140,45
25,Comment_a_shuib_Parma_68,IbnShuib,0.3124,6.322,2.137,28
10,KenegedAsaraMaamaritLondon847,MeiratEinayim,0.3522,6.334,2.130,55
12,DaatChachamVatokan107,MeiratEinayim,0.4124,6.334,2.115,78
16,IbnShuib,MeiratEinayim,0.3944,6.334,2.097,28
4,DaatChachamVatokan107,MeiratEinayim,0.3878,6.334,2.094,66
7_1,Rabenu_Bahayii,Ricanati_Zicaron_aharon_ed,0.5500,6.334,2.091,45
10,MeiratEinayim,UnKnownEskorial,0.3490,6.334,2.084,55
29,KenegedAsaraMaamaritMinchen40,KeterShemTov,0.3839,6.334,2.061,28
21,DaatChachamVatokan214,Ricanati_Zicaron_aharon_ed,0.4861,6.334,2.055,36
5,IbnShuib,Ricanati_Zicaron_aharon_ed,0.3491,6.334,2.034,78
19_2,DaatChachamVatokan107,MeiratEinayim,0.3770,6.334,2.027,55
3,IbnShuib,MeiratEinayim,0.1765,2.356,2.007,10
13,IbnShuib,UnKnownEskorial,0.4720,6.334,1.992,45
25,DaatChachamVatokan107,MeiratEinayim,0.2957,4.737,1.938,28
30,IbnShuib,KenegedAsaraMaamaritLondon847,0.4075,6.334,1.932,45
25_2,IbnShuib,UnKnownEskorial,0.2891,4.737,1.930,28
27,KeterShemTov,Ricanati_Zicaron_aharon_ed,0.3365,6.322,1.930,55
31,DaatChachamVatokan114,MeiratEinayim,0.3726,6.334,1.924,36
13,KenegedAsaraMaamaritLondon847,Ricanati_Zicaron_aharon_ed,0.4643,6.334,1.915,45
26,IbnShuib,UnKnownVatikan214,0.3924,6.334,1.898,66
17,Comment_a_shuib_Parma_68,KenegedAsaraMaamaritLondon847,0.3068,6.322,1.878,55
6,MeiratEinayim,SaportaOxford1645,0.2626,6.310,1.852,78
27,DaatChachamVatokan107,MeiratEinayim,0.3299,6.322,1.850,55
18,KenegedAsaraMaamaritLondon847,MeiratEinayim,0.3571,6.334,1.848,36
6,IbnShuib,Rabenu_Bahayii,0.2621,6.310,1.846,78
19_1,IbnShuib,UnKnownEskorial,0.3943,6.334,1.845,28
7_1,DaatChachamVatokan107,DaatChachamVatokan114,0.5192,6.334,1.842,45
1,MeiratEinayim,SaportaOxford1645,0.4293,6.334,1.842,45
11,KeterShemTovMS_L,Ricanati_Zicaron_aharon_ed,0.4288,6.334,1.836,45
17,DaatChachamVatokan114,KeterShemTovMS_L,0.3013,4.737,1.817,55
27,MeiratEinayim,Rabenu_Bahayii,0.3271,6.322,1.816,55
6,KeterShemTovMS_L,Ricanati_Zicaron_aharon_ed,0.2587,6.310,1.803,78
14,DaatChachamVatokan107,Rabenu_Bahayii,0.3153,6.322,1.799,66
6,Likutim_bhml_1978,SaportaOxford1645,0.2581,6.310,1.796,78
26,DaatChachamVatokan107,KenegedAsaraMaamaritLondon847,0.3846,6.334,1.792,66
5,MeiratEinayim,SaportaOxford1645,0.3310,6.322,1.791,78
4,KenegedAsaraMaamaritLondon847,MeiratEinayim,0.3611,6.334,1.790,66
27,DaatChachamVatokan114,MeiratEinayim,0.3248,6.322,1.789,55
13,KenegedAsaraMaamaritLondon847,UnKnownEskorial,0.4511,6.334,1.783,45
11,KeterShemTov,Ricanati_Zicaron_aharon_ed,0.4211,6.334,1.761,45
31,Ricanati_Zicaron_aharon_ed,UnKnownEskorial,0.3551,6.334,1.751,36
30_1,KeterShemTov,Ricanati_Zicaron_aharon_ed,0.3274,6.322,1.749,28
18,DaatChachamVatokan107,DaatChachamVatokan114,0.3485,6.334,1.744,36
31,IbnShuib,Ricanati_Zicaron_aharon_ed,0.3542,6.334,1.742,36
31,DaatChachamVatokan107,MeiratEinayim,0.3538,6.334,1.738,36
31,DaatChachamVatokan114,UnKnownEskorial,0.3536,6.334,1.736,36
19_1,DaatChachamVatokan114,MeiratEinayim,0.3844,6.334,1.733,28
10,Comment_a_shuib_Parma_68,MeiratEinayim,0.3245,6.322,1.730,55
4,DaatChachamVatokan114,KenegedAsaraMaamaritLondon847,0.3556,6.334,1.728,66
15,Rabenu_Bahayii,Ricanati_Zicaron_aharon_ed,0.2895,4.737,1.726,36
25,DaatChachamVatokan114,MeiratEinayim,0.2763,4.737,1.707,28
26,KenegedAsaraMaamaritLondon847,UnKnownVatikan214,0.3782,6.334,1.705,66
3,IbnShuib,Likutim_bhml_1978,0.1564,3.989,1.701,10
31,DaatChachamVatokan114,IbnShuib,0.3500,6.334,1.700,36
31,MeiratEinayim,Ricanati_Zicaron_aharon_ed,0.3495,6.334,1.695,36
2,IbnShuib,KeterShemTovMS_L,0.2494,6.345,1.693,15
12,DaatChachamVatokan107,KenegedAsaraMaamaritLondon847,0.3636,6.334,1.693,78
26,Ricanati_Zicaron_aharon_ed,SaportaOxford1645,0.3769,6.334,1.687,66
26_1,DaatChachamVatokan114,UnKnownEskorial,0.4784,6.334,1.683,28
13,DaatChachamVatokan114,MeiratEinayim,0.4406,6.334,1.677,45
19_1,DaatChachamVatokan114,IbnShuib,0.3783,6.334,1.664,28
4,IbnShuib,Likutim_bhml_1978,0.3500,6.334,1.664,66
19_2,KeterShemTov,MeiratEinayim,0.3485,6.334,1.661,55
5,DaatChachamVatokan214,Ricanati_Zicaron_aharon_ed,0.3211,6.322,1.658,78
26,IbnShuib,SaportaOxford1645,0.3738,6.334,1.645,66
6,IbnShuib,UnKnownEskorial,0.2458,6.345,1.641,78
26,IbnShuib,UnKnownEskorial,0.3734,6.334,1.640,66
12,IbnShuib,Likutim_bhml_1978,0.3558,6.334,1.625,78
24,Rabenu_Bahayii,Ricanati_Zicaron_aharon_ed,0.2751,4.737,1.606,66
15,KeterShemTovMS_L,Ricanati_Zicaron_aharon_ed,0.2834,4.737,1.589,36
13,DaatChachamVatokan107,DaatChachamVatokan114,0.4318,6.334,1.589,45
29,KeterShemTov,UnKnownEskorial,0.3500,6.334,1.586,28
30_1,IbnShuib,UnKnownEskorial,0.3102,6.322,1.581,28
27,MeiratEinayim,Ricanati_Zicaron_aharon_ed,0.3066,6.322,1.569,55
27,Comment_a_shuib_Parma_68,MeiratEinayim,0.3049,6.322,1.549,55
22,DaatChachamVatokan107,KeterShemTov,0.2903,4.737,1.530,36
19_1,DaatChachamVatokan107,IbnShuib,0.3662,6.334,1.528,28
24,IbnShuib,MeiratEinayim,0.2702,6.310,1.527,66
26_1,DaatChachamVatokan107,IbnShuib,0.4519,6.334,1.496,28
13,IbnShuib,KeterShemTovMS_L,0.4216,6.334,1.486,45
30_1,Ricanati_Zicaron_aharon_ed,UnKnownEskorial,0.3005,4.737,1.486,28
22,DaatChachamVatokan214,KeterShemTov,0.2871,4.737,1.485,36
10,KenegedAsaraMaamaritLondon847,Rabenu_Bahayii,0.3068,6.322,1.475,55
16,MeiratEinayim,Ricanati_Zicaron_aharon_ed,0.3403,6.322,1.474,28
12,DaatChachamVatokan114,KenegedAsaraMaamaritLondon847,0.3357,6.322,1.451,78
30,DaatChachamVatokan214,IbnShuib,0.3636,6.334,1.440,45
6,Likutim_bhml_1978,UnKnownEskorial,0.2298,3.479,1.440,78
12,DaatChachamVatokan114,MeiratEinayim,0.3342,6.322,1.438,78
16,IbnShuib,Ricanati_Zicaron_aharon_ed,0.3363,6.322,1.427,28
24,Ricanati_Zicaron_aharon_ed,UnKnownVatikan214,0.2635,6.310,1.419,66
27,MeiratEinayim,UnKnownVatikan214,0.2936,4.737,1.413,55
12,DaatChachamVatokan107,KeterShemTovMS_L,0.3311,6.322,1.411,78
29,Rabenu_Bahayii,UnKnownEskorial,0.3375,6.322,1.411,28
27,KenegedAsaraMaamaritParis868,MeiratEinayim,0.2928,4.737,1.403,55
10,KeterShemTovMS_L,Ricanati_Zicaron_aharon_ed,0.3007,4.737,1.387,55
21,Ricanati_Zicaron_aharon_ed,UnKnownEskorial,0.4300,6.334,1.384,36
22,IbnShuib,MeiratEinayim,0.2799,4.737,1.382,36
12,IbnShuib,UnKnownEskorial,0.3275,6.322,1.380,78
17,Comment_a_shuib_Parma_68,MeiratEinayim,0.2616,6.310,1.374,55
6,Ricanati_Zicaron_aharon_ed,UnKnownEskorial,0.2245,3.479,1.373,78
6,IbnShuib,KeterShemTovMS_L,0.2235,3.479,1.360,78
14,IbnShuib,KeterShemTovMS_L,0.2804,4.737,1.358,66
9,KenegedAsaraMaamaritLondon847,MeiratEinayim,0.4957,6.334,1.356,15
27,KeterShemTov,MeiratEinayim,0.2888,4.737,1.355,55
10,DaatChachamVatokan107,MeiratEinayim,0.2983,4.737,1.352,55
16,IbnShuib,Rabenu_Bahayii,0.3285,6.322,1.337,28
20,MeiratEinayim,Rabenu_Bahayii,0.2831,4.737,1.325,66
11,DaatChachamVatokan107,KeterShemTovMS_L,0.3764,6.334,1.320,45
5,IbnShuib,Rabenu_Bahayii,0.2959,4.737,1.319,78
5,SaportaOxford1645,UnKnownEskorial,0.2956,4.737,1.315,78
21,KenegedAsaraMaamaritLondon847,UnKnownEskorial,0.4237,6.334,1.308,36
19_1,DaatChachamVatokan107,MeiratEinayim,0.3459,6.334,1.298,28
24,Rabenu_Bahayii,UnKnownEskorial,0.2560,6.310,1.297,66
25,KeterShemTov,SaportaOxford1645,0.2417,6.345,1.295,28
10,DaatChachamVatokan114,MeiratEinayim,0.2937,4.737,1.285,55
6,IbnShuib,MeiratEinayim,0.2175,3.479,1.285,78
6,Likutim_bhml_1978,Rabenu_Bahayii,0.2170,3.479,1.279,78
3,Comment_a_shuib_Parma_68,Likutim_bhml_1978,0.1282,0.381,1.273,10
5,DaatChachamVatokan114,KenegedAsaraMaamaritLondon847,0.2917,4.737,1.262,78
32,KeterShemTov,Ricanati_Zicaron_aharon_ed,0.3081,6.322,1.248,21
22,IbnShuib,KeterShemTov,0.2704,6.310,1.246,36
12,DaatChachamVatokan114,KeterShemTovMS_L,0.3119,6.322,1.245,78
20,IbnShuib,UnKnownEskorial,0.2760,4.737,1.240,66
18,KenegedAsaraMaamaritLondon847,Ricanati_Zicaron_aharon_ed,0.3064,6.322,1.235,36
21,IbnShuib,UnKnownEskorial,0.4174,6.334,1.233,36
25_2,Rabenu_Bahayii,Ricanati_Zicaron_aharon_ed,0.2318,3.479,1.233,28
12,DaatChachamVatokan114,Ricanati_Zicaron_aharon_ed,0.3104,6.322,1.232,78
14,MeiratEinayim,Ricanati_Zicaron_aharon_ed,0.2703,6.310,1.231,66
30,KenegedAsaraMaamaritLondon847,MeiratEinayim,0.3449,6.334,1.230,45
19_2,IbnShuib,MeiratEinayim,0.3149,6.322,1.230,55
10,IbnShuib,KeterShemTov,0.2898,4.737,1.229,55
30_1,DaatChachamVatokan114,IbnShuib,0.2732,6.310,1.218,28
22,MeiratEinayim,UnKnownEskorial,0.2682,6.310,1.215,36
12,KenegedAsaraMaamaritLondon847,Ricanati_Zicaron_aharon_ed,0.3080,6.322,1.211,78
6,DaatChachamVatokan114,IbnShuib,0.2116,4.737,1.211,78
1,IbnShuib,MeiratEinayim,0.3475,6.334,1.210,45
25_2,Ricanati_Zicaron_aharon_ed,UnKnownEskorial,0.2297,3.479,1.207,28
13,IbnShuib,KenegedAsaraMaamaritLondon847,0.3929,6.334,1.198,45
22,DaatChachamVatokan214,MeiratEinayim,0.2669,6.310,1.196,36
5,KenegedAsaraMaamaritLondon847,Ricanati_Zicaron_aharon_ed,0.2867,4.737,1.195,78
15,IbnShuib,MeiratEinayim,0.2656,6.310,1.191,36
26_1,DaatChachamVatokan107,UnKnownVatikan214,0.4087,6.334,1.191,28
26_1,DaatChachamVatokan114,UnKnownVatikan214,0.4087,6.334,1.191,28
14,KenegedAsaraMaamaritLondon847,MeiratEinayim,0.2663,6.310,1.181,66
20,DaatChachamVatokan107,KenegedAsaraMaamaritLondon847,0.2708,6.310,1.178,66
30_1,IbnShuib,Ricanati_Zicaron_aharon_ed,0.2685,6.310,1.172,28
22,KeterShemTov,MeiratEinayim,0.2646,6.310,1.163,36
1,Likutim_bhml_1978,MeiratEinayim,0.3414,6.322,1.163,45
31,IbnShuib,MeiratEinayim,0.2957,4.737,1.162,36
17,DaatChachamVatokan114,Rabenu_Bahayii,0.2421,6.345,1.156,55
7_2,KenegedAsaraMaamaritLondon847,MeiratEinayim,0.3709,6.334,1.148,15
1,DaatChachamVatokan114,IbnShuib,0.3389,6.322,1.143,45
1,IbnShuib,Likutim_bhml_1978,0.3382,6.322,1.138,45
11,KeterShemTov,MeiratEinayim,0.3577,6.334,1.136,45
20,KenegedAsaraMaamaritLondon847,MeiratEinayim,0.2665,6.310,1.127,66
8,DaatChachamVatokan107,Likutim_bhml_1978,0.2849,4.737,1.124,36
5,DaatChachamVatokan107,Likutim_bhml_1978,0.2813,4.737,1.122,78
25_2,DaatChachamVatokan214,IbnShuib,0.2224,3.479,1.118,28
4,KeterShemTov,MeiratEinayim,0.3016,4.737,1.114,66
7_1,KeterShemTov,Ricanati_Zicaron_aharon_ed,0.4286,6.334,1.108,45
20,DaatChachamVatokan107,UnKnownEskorial,0.2646,6.310,1.104,66
23,KenegedAsaraMaamaritLondon847,UnKnownEskorial,0.4056,6.334,1.104,36
26_1,DaatChachamVatokan107,MeiratEinayim,0.3958,6.334,1.100,28
15,KeterShemTov,Ricanati_Zicaron_aharon_ed,0.2614,6.310,1.097,36
27,IbnShuib,KeterShemTov,0.2673,6.310,1.096,55
20,IbnShuib,KenegedAsaraMaamaritLondon847,0.2639,6.310,1.096,66
23,DaatChachamVatokan214,KenegedAsaraMaamaritLondon847,0.4032,6.334,1.089,36
23,DaatChachamVatokan214,Rabenu_Bahayii,0.4028,6.334,1.087,36
24,IbnShuib,UnKnownVatikan214,0.2429,6.345,1.085,66
12,Rabenu_Bahayii,UnKnownEskorial,0.2931,4.737,1.082,78
22,KeterShemTov,UnKnownEskorial,0.2586,6.310,1.077,36
13,KenegedAsaraMaamaritLondon847,MeiratEinayim,0.3808,6.334,1.077,45
27,IbnShuib,MeiratEinayim,0.2654,6.310,1.073,55
14,IbnShuib,KeterShemTov,0.2571,6.310,1.064,66
24,Ricanati_Zicaron_aharon_ed,UnKnownEskorial,0.2416,6.345,1.064,66
25,MeiratEinayim,SaportaOxford1645,0.2222,3.479,1.063,28
11,KenegedAsaraMaamaritLondon847,KeterShemTovMS_L,0.3500,6.334,1.060,45
4,DaatChachamVatokan114,KeterShemTov,0.2967,4.737,1.058,66
32,KeterShemTov,MeiratEinayim,0.2911,4.737,1.051,21
30,DaatChachamVatokan114,MeiratEinayim,0.3289,6.322,1.051,45
1,KeterShemTov,MeiratEinayim,0.3250,6.322,1.036,45
30_1,DaatChachamVatokan114,MeiratEinayim,0.2545,6.345,1.035,28
12,KenegedAsaraMaamaritLondon847,Likutim_bhml_1978,0.2871,4.737,1.030,78
4,MeiratEinayim,SaportaOxford1645,0.2939,4.737,1.026,66
26,IbnShuib,Ricanati_Zicaron_aharon_ed,0.3280,6.322,1.023,66
14,IbnShuib,KenegedAsaraMaamaritLondon847,0.2538,6.345,1.023,66
5,Likutim_bhml_1978,UnKnownEskorial,0.2738,6.310,1.021,78
12,DaatChachamVatokan107,Ricanati_Zicaron_aharon_ed,0.2853,4.737,1.015,78
7_1,KenegedAsaraMaamaritLondon847,SaportaOxford1645,0.4167,6.334,1.012,45
7_1,KeterShemTovMS_L,Ricanati_Zicaron_aharon_ed,0.4167,6.334,1.012,45
20,IbnShuib,MeiratEinayim,0.2564,6.310,1.006,66
23,Rabenu_Bahayii,UnKnownEskorial,0.3889,6.334,1.004,36
30,KenegedAsaraMaamaritLondon847,Rabenu_Bahayii,0.3245,6.322,1.002,45
7_1,DaatChachamVatokan114,IbnShuib,0.4148,6.334,0.997,45
19_2,Rabenu_Bahayii,UnKnownEskorial,0.2967,4.737,0.996,55
20,KenegedAsaraMaamaritLondon847,Ricanati_Zicaron_aharon_ed,0.2554,6.345,0.994,66
24,DaatChachamVatokan114,Ricanati_Zicaron_aharon_ed,0.2371,6.345,0.992,66
17,MeiratEinayim,Ricanati_Zicaron_aharon_ed,0.2272,3.479,0.989,55
17,DaatChachamVatokan114,KeterShemTov,0.2267,3.479,0.984,55
32,Rabenu_Bahayii,Ricanati_Zicaron_aharon_ed,0.2846,4.737,0.976,21
11,KeterShemTovMS_L,UnKnownEskorial,0.3407,6.322,0.969,45
26_1,DaatChachamVatokan114,IbnShuib,0.3766,6.334,0.964,28
24,KeterShemTov,MeiratEinayim,0.2353,6.345,0.962,66
5,DaatChachamVatokan214,Rabenu_Bahayii,0.2693,6.310,0.961,78
11,DaatChachamVatokan107,KenegedAsaraMaamaritLondon847,0.3394,6.322,0.956,45
4,Likutim_bhml_1978,MeiratEinayim,0.2870,4.737,0.947,66
5,Likutim_bhml_1978,Ricanati_Zicaron_aharon_ed,0.2680,6.310,0.943,78
32,MeiratEinayim,Rabenu_Bahayii,0.2812,4.737,0.936,21
27,MeiratEinayim,UnKnownEskorial,0.2540,6.345,0.936,55
5,Rabenu_Bahayii,Ricanati_Zicaron_aharon_ed,0.2673,6.310,0.934,78
30,DaatChachamVatokan214,MeiratEinayim,0.3181,6.322,0.930,45
23,Rabenu_Bahayii,Ricanati_Zicaron_aharon_ed,0.3761,6.334,0.927,36
19_1,DaatChachamVatokan114,UnKnownEskorial,0.3130,6.322,0.926,28
17,DaatChachamVatokan107,MeiratEinayim,0.2213,3.479,0.924,55
17,IbnShuib,Ricanati_Zicaron_aharon_ed,0.2208,3.479,0.918,55
17,IbnShuib,KeterShemTovMS_L,0.2204,3.479,0.913,55
30,IbnShuib,UnKnownEskorial,0.3166,6.322,0.913,45
12,Rabenu_Bahayii,Ricanati_Zicaron_aharon_ed,0.2734,6.310,0.912,78
18,IbnShuib,Ricanati_Zicaron_aharon_ed,0.2795,4.737,0.910,36
20,DaatChachamVatokan107,MeiratEinayim,0.2477,6.345,0.902,66
24,IbnShuib,Ricanati_Zicaron_aharon_ed,0.2314,3.479,0.899,66
27,IbnShuib,Ricanati_Zicaron_aharon_ed,0.2509,6.345,0.899,55
4,KenegedAsaraMaamaritLondon847,KeterShemTov,0.2821,4.737,0.892,66
19_2,DaatChachamVatokan107,IbnShuib,0.2884,4.737,0.889,55
14,DaatChachamVatokan114,SaportaOxford1645,0.2431,6.345,0.888,66
11,IbnShuib,UnKnownEskorial,0.3319,6.322,0.882,45
17,IbnShuib,KeterShemTov,0.2173,3.479,0.879,55
24,IbnShuib,Rabenu_Bahayii,0.2301,3.479,0.878,66
31,MeiratEinayim,UnKnownEskorial,0.2669,6.310,0.877,36
7_1,IbnShuib,KeterShemTov,0.4000,6.334,0.877,45
24,Comment_a_shuib_Parma_68,IbnShuib,0.2299,3.479,0.875,66
13,DaatChachamVatokan107,MeiratEinayim,0.3606,6.334,0.874,45
32,IbnShuib,MeiratEinayim,0.2758,4.737,0.874,21
29,KenegedAsaraMaamaritMinchen40,Ricanati_Zicaron_aharon_ed,0.2989,4.737,0.871,28
17,Comment_a_shuib_Parma_68,KeterShemTov,0.2165,3.479,0.870,55
26,DaatChachamVatokan114,UnKnownEskorial,0.3165,6.322,0.867,66
1,KeterShemTovMS_L,MeiratEinayim,0.3025,6.322,0.862,45
5,Likutim_bhml_1978,SaportaOxford1645,0.2618,6.310,0.860,78
30,Rabenu_Bahayii,UnKnownEskorial,0.3117,6.322,0.858,45
5,Ricanati_Zicaron_aharon_ed,UnKnownEskorial,0.2610,6.310,0.849,78
25,DaatChachamVatokan114,SaportaOxford1645,0.2039,4.737,0.845,28
8,KenegedAsaraMaamaritLondon847,Rabenu_Bahayii,0.2588,6.310,0.845,36
11,IbnShuib,KeterShemTovMS_L,0.3278,6.322,0.842,45
5,DaatChachamVatokan107,MeiratEinayim,0.2604,6.310,0.841,78
6,KeterShemTov,UnKnownEskorial,0.1822,2.791,0.841,78
17,KenegedAsaraMaamaritLondon847,MeiratEinayim,0.2135,4.737,0.836,55
14,IbnShuib,MeiratEinayim,0.2389,6.345,0.835,66
5,DaatChachamVatokan107,IbnShuib,0.2593,6.310,0.826,78
4,KenegedAsaraMaamaritLondon847,SaportaOxford1645,0.2763,4.737,0.826,66
14,Ricanati_Zicaron_aharon_ed,SaportaOxford1645,0.2381,6.345,0.825,66
1,IbnShuib,SaportaOxford1645,0.2976,4.737,0.824,45
15,KenegedAsaraMaamaritLondon847,KeterShemTovMS_L,0.2491,6.345,0.822,36
20,DaatChachamVatokan107,UnKnownVatikan214,0.2408,6.345,0.820,66
26,KenegedAsaraMaamaritLondon847,SaportaOxford1645,0.3128,6.322,0.816,66
31,Comment_a_shuib_Parma_68,MeiratEinayim,0.2606,6.310,0.815,36
24,IbnShuib,UnKnownEskorial,0.2259,3.479,0.810,66
9,IbnShuib,KenegedAsaraMaamaritLondon847,0.4367,6.334,0.806,15
13,KenegedAsaraMaamaritLondon847,KeterShemTovMS_L,0.3535,6.334,0.803,45
13,KeterShemTovMS_L,Ricanati_Zicaron_aharon_ed,0.3535,6.334,0.803,45
29,IbnShuib,Ricanati_Zicaron_aharon_ed,0.2936,4.737,0.797,28
7_1,IbnShuib,UnKnownEskorial,0.3900,6.334,0.796,45
27,IbnShuib,KenegedAsaraMaamaritParis868,0.2423,6.345,0.795,55
4,MeiratEinayim,Ricanati_Zicaron_aharon_ed,0.2731,6.310,0.789,66
24,Comment_a_shuib_Parma_68,DaatChachamVatokan107,0.2245,3.479,0.788,66
23,DaatChachamVatokan214,Ricanati_Zicaron_aharon_ed,0.3526,6.334,0.787,36
11,KenegedAsaraMaamaritLondon847,MeiratEinayim,0.3221,6.322,0.786,45
4,KeterShemTovMS_L,MeiratEinayim,0.2723,6.310,0.780,66
11,KenegedAsaraMaamaritLondon847,KeterShemTov,0.3214,6.322,0.779,45
14,DaatChachamVatokan107,MeiratEinayim,0.2344,6.345,0.778,66
23,IbnShuib,KenegedAsaraMaamaritLondon847,0.3510,6.334,0.777,36
16,KeterShemTovMS_L,MeiratEinayim,0.2798,4.737,0.776,28
20,DaatChachamVatokan114,KenegedAsaraMaamaritLondon847,0.2371,6.345,0.776,66
7_1,IbnShuib,KeterShemTovMS_L,0.3875,6.334,0.776,45
12,IbnShuib,Ricanati_Zicaron_aharon_ed,0.2574,6.310,0.773,78
31,MeiratEinayim,Rabenu_Bahayii,0.2564,6.310,0.773,36
10,Rabenu_Bahayii,Ricanati_Zicaron_aharon_ed,0.2581,6.310,0.771,55
27,Comment_a_shuib_Parma_68,Ricanati_Zicaron_aharon_ed,0.2401,6.345,0.768,55
18,IbnShuib,Rabenu_Bahayii,0.2672,6.310,0.762,36
4,IbnShuib,UnKnownEskorial,0.2705,6.310,0.760,66
11,KeterShemTovMS_L,MeiratEinayim,0.3186,6.322,0.751,45
26,IbnShuib,Rabenu_Bahayii,0.3077,6.322,0.747,66
13,KeterShemTovMS_L,UnKnownEskorial,0.3478,6.334,0.746,45
19_2,Ricanati_Zicaron_aharon_ed,UnKnownEskorial,0.2771,4.737,0.744,55
31,DaatChachamVatokan107,UnKnownEskorial,0.2527,6.345,0.736,36
12,DaatChachamVatokan107,IbnShuib,0.2530,6.345,0.735,78
1,Likutim_bhml_1978,SaportaOxford1645,0.2857,4.737,0.732,45
6,DaatChachamVatokan107,Ricanati_Zicaron_aharon_ed,0.1734,2.356,0.730,78
26,DaatChachamVatokan107,UnKnownEskorial,0.3061,6.322,0.725,66
20,Comment_a_shuib_Parma_68,IbnShuib,0.2325,3.479,0.721,66
19_2,DaatChachamVatokan114,KenegedAsaraMaamaritLondon847,0.2753,4.737,0.721,55
13,DaatChachamVatokan107,KenegedAsaraMaamaritLondon847,0.3452,6.334,0.720,45
30_1,IbnShuib,KeterShemTov,0.2221,3.479,0.717,28
12,KenegedAsaraMaamaritLondon847,MeiratEinayim,0.2508,6.345,0.716,78
20,Comment_a_shuib_Parma_68,MeiratEinayim,0.2317,3.479,0.711,66
11,DaatChachamVatokan107,KeterShemTov,0.3143,6.322,0.709,45
13,IbnShuib,KeterShemTov,0.3440,6.322,0.708,45
22,Rabenu_Bahayii,UnKnownEskorial,0.2327,6.345,0.707,36
14,DaatChachamVatokan107,SaportaOxford1645,0.2288,3.479,0.707,66
8,DaatChachamVatokan107,IbnShuib,0.2458,6.345,0.706,36
20,Comment_a_shuib_Parma_68,Ricanati_Zicaron_aharon_ed,0.2312,3.479,0.706,66
19_2,KenegedAsaraMaamaritLondon847,UnKnownVatikan214,0.2740,6.310,0.704,55
4,KeterShemTov,Ricanati_Zicaron_aharon_ed,0.2654,6.310,0.702,66
15,Rabenu_Bahayii,UnKnownEskorial,0.2437,6.345,0.701,36
22,MeiratEinayim,Ricanati_Zicaron_aharon_ed,0.2321,3.479,0.699,36
20,IbnShuib,KeterShemTov,0.2298,3.479,0.689,66
16,KeterShemTov,MeiratEinayim,0.2717,6.310,0.683,28
5,IbnShuib,SaportaOxford1645,0.2485,6.345,0.681,78
6,Rabenu_Bahayii,Ricanati_Zicaron_aharon_ed,0.1693,2.356,0.678,78
23,DaatChachamVatokan214,IbnShuib,0.3344,6.322,0.678,36
29,KenegedAsaraMaamaritMinchen40,UnKnownVatikan214,0.2850,4.737,0.677,28
10,KeterShemTov,MeiratEinayim,0.2514,6.345,0.674,55
19_2,KeterShemTov,Ricanati_Zicaron_aharon_ed,0.2717,6.310,0.674,55
2,IbnShuib,KeterShemTov,0.2186,3.479,0.674,15
23,KenegedAsaraMaamaritLondon847,Ricanati_Zicaron_aharon_ed,0.3338,6.322,0.674,36
23,Ricanati_Zicaron_aharon_ed,UnKnownEskorial,0.3338,6.322,0.674,36
7_1,IbnShuib,SaportaOxford1645,0.3750,6.334,0.674,45
7_1,KenegedAsaraMaamaritLondon847,KeterShemTov,0.3750,6.334,0.674,45
7_1,KeterShemTov,Rabenu_Bahayii,0.3750,6.334,0.674,45
7_2,DaatChachamVatokan114,MeiratEinayim,0.3364,6.322,0.674,15
8,KenegedAsaraMaamaritLondon847,KeterShemTov,0.2429,6.345,0.674,36
8,KenegedAsaraMaamaritLondon847,KeterShemTovMS_L,0.2429,6.345,0.674,36
26,KeterShemTov,UnKnownVatikan214,0.3023,6.322,0.674,66
29,IbnShuib,MeiratEinayim,0.2847,4.737,0.672,28
25_2,IbnShuib,Ricanati_Zicaron_aharon_ed,0.1857,2.791,0.672,28
1,DaatChachamVatokan107,SaportaOxford1645,0.2778,4.737,0.671,45
19_2,IbnShuib,UnKnownEskorial,0.2707,6.310,0.662,55
20,DaatChachamVatokan107,KeterShemTov,0.2269,3.479,0.654,66
21,IbnShuib,KeterShemTov,0.3687,6.334,0.651,36
22,DaatChachamVatokan214,Rabenu_Bahayii,0.2287,3.479,0.650,36
26_1,IbnShuib,UnKnownVatikan214,0.3312,6.322,0.643,28
24,MeiratEinayim,Ricanati_Zicaron_aharon_ed,0.2155,4.737,0.642,66
19_2,Rabenu_Bahayii,UnKnownVatikan214,0.2688,6.310,0.637,55
29,KeterShemTov,MeiratEinayim,0.2821,4.737,0.636,28
1,DaatChachamVatokan114,MeiratEinayim,0.2732,6.310,0.636,45
1,DaatChachamVatokan107,IbnShuib,0.2729,6.310,0.634,45
25,KenegedAsaraMaamaritLondon847,MeiratEinayim,0.1861,2.791,0.633,28
30_1,MeiratEinayim,Ricanati_Zicaron_aharon_ed,0.2134,4.737,0.632,28
16,MeiratEinayim,Rabenu_Bahayii,0.2665,6.310,0.623,28
26_1,IbnShuib,MeiratEinayim,0.3281,6.322,0.622,28
21,Ricanati_Zicaron_aharon_ed,SaportaOxford1645,0.3662,6.334,0.621,36
16,IbnShuib,KeterShemTov,0.2663,6.310,0.620,28
19_1,IbnShuib,MeiratEinayim,0.2858,4.737,0.619,28
5,KeterShemTov,MeiratEinayim,0.2437,6.345,0.617,78
14,Ricanati_Zicaron_aharon_ed,UnKnownEskorial,0.2214,3.479,0.614,66
19_2,DaatChachamVatokan114,IbnShuib,0.2669,6.310,0.613,55
1,DaatChachamVatokan114,SaportaOxford1645,0.2702,6.310,0.613,45
26,Ricanati_Zicaron_aharon_ed,UnKnownEskorial,0.2976,4.737,0.610,66
7_1,Ricanati_Zicaron_aharon_ed,SaportaOxford1645,0.3667,6.334,0.607,45
12,DaatChachamVatokan107,UnKnownEskorial,0.2381,6.345,0.606,78
27,IbnShuib,Rabenu_Bahayii,0.2264,3.479,0.603,55
19_1,IbnShuib,KeterShemTov,0.2842,4.737,0.600,28
18,Rabenu_Bahayii,Ricanati_Zicaron_aharon_ed,0.2537,6.345,0.598,36
1,IbnShuib,KeterShemTov,0.2679,6.310,0.595,45
19_1,DaatChachamVatokan107,UnKnownEskorial,0.2835,4.737,0.593,28
20,Ricanati_Zicaron_aharon_ed,UnKnownEskorial,0.2217,3.479,0.592,66
7_1,KeterShemTovMS_L,Rabenu_Bahayii,0.3646,6.334,0.590,45
19_2,DaatChachamVatokan114,Rabenu_Bahayii,0.2646,6.310,0.583,55
25,IbnShuib,MeiratEinayim,0.1818,2.791,0.582,28
14,DaatChachamVatokan114,Rabenu_Bahayii,0.2188,3.479,0.581,66
11,Rabenu_Bahayii,Ricanati_Zicaron_aharon_ed,0.3012,4.737,0.580,45
8,Likutim_bhml_1978,MeiratEinayim,0.2338,6.345,0.577,36
11,IbnShuib,MeiratEinayim,0.3009,4.737,0.577,45
30,MeiratEinayim,UnKnownEskorial,0.2865,4.737,0.576,45
4,Ricanati_Zicaron_aharon_ed,SaportaOxford1645,0.2541,6.345,0.573,66
4,KenegedAsaraMaamaritLondon847,Rabenu_Bahayii,0.2540,6.345,0.572,66
19_2,IbnShuib,KeterShemTov,0.2633,6.310,0.567,55
27,DaatChachamVatokan114,Rabenu_Bahayii,0.2233,3.479,0.566,55
14,DaatChachamVatokan107,IbnShuib,0.2176,3.479,0.566,66
14,DaatChachamVatokan114,KeterShemTovMS_L,0.2174,3.479,0.563,66
10,Comment_a_shuib_Parma_68,KenegedAsaraMaamaritLondon847,0.2435,6.345,0.560,55
16,Comment_a_shuib_Parma_68,MeiratEinayim,0.2609,6.310,0.558,28
30,IbnShuib,MeiratEinayim,0.2848,4.737,0.557,45
5,DaatChachamVatokan107,Ricanati_Zicaron_aharon_ed,0.2392,6.345,0.556,78
4,IbnShuib,MeiratEinayim,0.2524,6.345,0.554,66
1,DaatChachamVatokan114,KeterShemTovMS_L,0.2622,6.310,0.551,45
14,IbnShuib,SaportaOxford1645,0.2164,3.479,0.551,66
25,KenegedAsaraMaamaritLondon847,SaportaOxford1645,0.1786,2.356,0.544,28
23,IbnShuib,UnKnownEskorial,0.3119,6.322,0.544,36
7_1,KeterShemTovMS_L,UnKnownEskorial,0.3588,6.334,0.543,45
18,IbnShuib,MeiratEinayim,0.2490,6.345,0.542,36
26_1,DaatChachamVatokan114,MeiratEinayim,0.3167,6.322,0.541,28
4,DaatChachamVatokan114,KeterShemTovMS_L,0.2510,6.345,0.538,66
11,MeiratEinayim,Ricanati_Zicaron_aharon_ed,0.2969,4.737,0.538,45
12,DaatChachamVatokan214,IbnShuib,0.2300,3.479,0.536,78
30,DaatChachamVatokan214,Rabenu_Bahayii,0.2827,4.737,0.533,45
1,Likutim_bhml_1978,UnKnownEskorial,0.2591,6.310,0.527,45
4,DaatChachamVatokan114,Ricanati_Zicaron_aharon_ed,0.2500,6.345,0.527,66
22,Rabenu_Bahayii,Ricanati_Zicaron_aharon_ed,0.2198,3.479,0.523,36
17,DaatChachamVatokan107,Rabenu_Bahayii,0.1852,2.791,0.520,55
16,KenegedAsaraMaamaritLondon847,Rabenu_Bahayii,0.2574,6.310,0.518,28
14,Rabenu_Bahayii,UnKnownEskorial,0.2137,4.737,0.517,66
4,IbnShuib,Rabenu_Bahayii,0.2491,6.345,0.516,66
24,IbnShuib,KeterShemTov,0.2076,4.737,0.514,66
26,DaatChachamVatokan114,SaportaOxford1645,0.2898,4.737,0.504,66
26_1,IbnShuib,UnKnownEskorial,0.3113,6.322,0.503,28
4,IbnShuib,KeterShemTovMS_L,0.2479,6.345,0.503,66
19_2,IbnShuib,KenegedAsaraMaamaritLondon847,0.2582,6.310,0.501,55
25_2,MeiratEinayim,UnKnownEskorial,0.1716,2.356,0.501,28
15,Ricanati_Zicaron_aharon_ed,SaportaOxford1645,0.2345,6.345,0.496,36
10,KenegedAsaraMaamaritLondon847,KeterShemTovMS_L,0.2390,6.345,0.495,55
16,KenegedAsaraMaamaritLondon847,MeiratEinayim,0.2554,6.345,0.495,28
19_2,MeiratEinayim,Ricanati_Zicaron_aharon_ed,0.2577,6.310,0.495,55
27,IbnShuib,UnKnownEskorial,0.2172,3.479,0.493,55
8,DaatChachamVatokan114,Rabenu_Bahayii,0.2258,3.479,0.491,36
13,IbnShuib,Ricanati_Zicaron_aharon_ed,0.3222,6.322,0.489,45
10,IbnShuib,MeiratEinayim,0.2384,6.345,0.487,55
27,Rabenu_Bahayii,Ricanati_Zicaron_aharon_ed,0.2159,3.479,0.477,55
12,DaatChachamVatokan214,Likutim_bhml_1978,0.2229,3.479,0.474,78
27,DaatChachamVatokan107,Ricanati_Zicaron_aharon_ed,0.2155,4.737,0.472,55
1,DaatChachamVatokan107,MeiratEinayim,0.2518,6.345,0.471,45
4,IbnShuib,Ricanati_Zicaron_aharon_ed,0.2444,6.345,0.463,66
6,KeterShemTov,SaportaOxford1645,0.1514,3.989,0.453,78
20,MeiratEinayim,Ricanati_Zicaron_aharon_ed,0.2099,4.737,0.451,66
18,Ricanati_Zicaron_aharon_ed,UnKnownEskorial,0.2411,6.345,0.446,36
26,DaatChachamVatokan107,SaportaOxford1645,0.2855,4.737,0.446,66
5,DaatChachamVatokan114,IbnShuib,0.2309,3.479,0.445,78
26,Rabenu_Bahayii,UnKnownVatikan214,0.2853,4.737,0.443,66
12,IbnShuib,KenegedAsaraMaamaritLondon847,0.2189,3.479,0.440,78
9,KenegedAsaraMaamaritLondon847,Rabenu_Bahayii,0.3974,6.334,0.440,15
19_1,KenegedAsaraMaamaritLondon847,MeiratEinayim,0.2694,6.310,0.433,28
7_2,DaatChachamVatokan114,IbnShuib,0.3188,6.322,0.433,15
24,DaatChachamVatokan107,UnKnownEskorial,0.2024,4.737,0.430,66
10,KenegedAsaraMaamaritLondon847,UnKnownEskorial,0.2344,6.345,0.429,55
4,MeiratEinayim,Rabenu_Bahayii,0.2413,6.345,0.428,66
5,IbnShuib,KeterShemTov,0.2296,3.479,0.427,78
10,DaatChachamVatokan114,Rabenu_Bahayii,0.2342,6.345,0.426,55
24,Comment_a_shuib_Parma_68,Ricanati_Zicaron_aharon_ed,0.2021,4.737,0.425,66
9,IbnShuib,KeterShemTov,0.3958,6.334,0.425,15
25_2,DaatChachamVatokan214,KenegedAsaraMaamaritLondon847,0.1653,2.356,0.424,28
6,KeterShemTovMS_L,UnKnownEskorial,0.1490,3.989,0.423,78
24,DaatChachamVatokan107,Rabenu_Bahayii,0.2018,4.737,0.421,66
19_2,KenegedAsaraMaamaritLondon847,MeiratEinayim,0.2515,6.345,0.415,55
12,Ricanati_Zicaron_aharon_ed,UnKnownEskorial,0.2156,4.737,0.411,78
12,KeterShemTovMS_L,MeiratEinayim,0.2153,4.737,0.409,78
20,MeiratEinayim,UnKnownEskorial,0.2063,4.737,0.409,66
6,MeiratEinayim,Ricanati_Zicaron_aharon_ed,0.1478,1.544,0.408,78
17,DaatChachamVatokan107,KeterShemTov,0.1749,2.356,0.405,55
10,MeiratEinayim,Ricanati_Zicaron_aharon_ed,0.2326,6.345,0.403,55
20,IbnShuib,Ricanati_Zicaron_aharon_ed,0.2058,4.737,0.403,66
14,DaatChachamVatokan107,KeterShemTovMS_L,0.2046,4.737,0.402,66
27,DaatChachamVatokan114,IbnShuib,0.2096,4.737,0.401,55
26,Rabenu_Bahayii,SaportaOxford1645,0.2820,4.737,0.398,66
26,DaatChachamVatokan114,MeiratEinayim,0.2819,4.737,0.397,66
4,KeterShemTovMS_L,Ricanati_Zicaron_aharon_ed,0.2382,6.345,0.392,66
30_1,MeiratEinayim,UnKnownEskorial,0.1886,2.791,0.389,28
31,IbnShuib,UnKnownEskorial,0.2174,3.479,0.387,36
21,KenegedAsaraMaamaritLondon847,MeiratEinayim,0.3466,6.334,0.386,36
6,Rabenu_Bahayii,SaportaOxford1645,0.1460,1.544,0.385,78
32,IbnShuib,KeterShemTov,0.2333,6.345,0.381,21
24,DaatChachamVatokan107,UnKnownVatikan214,0.1993,4.737,0.380,66
27,DaatChachamVatokan107,IbnShuib,0.2078,4.737,0.379,55
8,IbnShuib,KenegedAsaraMaamaritLondon847,0.2152,4.737,0.378,36
14,DaatChachamVatokan107,Ricanati_Zicaron_aharon_ed,0.2026,4.737,0.377,66
20,KenegedAsaraMaamaritLondon847,UnKnownEskorial,0.2032,4.737,0.372,66
26,DaatChachamVatokan114,KenegedAsaraMaamaritLondon847,0.2798,4.737,0.368,66
12,IbnShuib,Rabenu_Bahayii,0.2104,4.737,0.366,78
25_2,KenegedAsaraMaamaritLondon847,UnKnownEskorial,0.1603,3.989,0.363,28
6,KeterShemTov,MeiratEinayim,0.1440,1.544,0.360,78
24,MeiratEinayim,Rabenu_Bahayii,0.1975,2.791,0.351,66
22,Comment_a_shuib_Parma_68,Rabenu_Bahayii,0.2077,4.737,0.350,36
20,Rabenu_Bahayii,Ricanati_Zicaron_aharon_ed,0.2011,4.737,0.346,66
4,DaatChachamVatokan107,IbnShuib,0.2341,6.345,0.346,66
7_1,KeterShemTov,UnKnownEskorial,0.3343,6.322,0.345,45
2,KeterShemTovMS_L,Rabenu_Bahayii,0.2086,4.737,0.344,15
15,KeterShemTov,Rabenu_Bahayii,0.2277,3.479,0.343,36
7_1,IbnShuib,Ricanati_Zicaron_aharon_ed,0.3333,6.322,0.337,45
7_1,Rabenu_Bahayii,SaportaOxford1645,0.3333,6.322,0.337,45
27,KenegedAsaraMaamaritParis868,KeterShemTov,0.2041,4.737,0.335,55
19_2,DaatChachamVatokan114,UnKnownEskorial,0.2452,6.345,0.334,55
19_2,KenegedAsaraMaamaritLondon847,UnKnownEskorial,0.2451,6.345,0.333,55
19_2,MeiratEinayim,UnKnownEskorial,0.2451,6.345,0.333,55
5,KenegedAsaraMaamaritLondon847,SaportaOxford1645,0.2222,3.479,0.327,78
2,KeterShemTov,Rabenu_Bahayii,0.2081,4.737,0.327,15
17,Comment_a_shuib_Parma_68,Ricanati_Zicaron_aharon_ed,0.1679,2.356,0.327,55
1,IbnShuib,UnKnownEskorial,0.2321,3.479,0.318,45
26,Rabenu_Bahayii,UnKnownEskorial,0.2761,4.737,0.318,66
21,MeiratEinayim,SaportaOxford1645,0.3408,6.322,0.317,36
30,KeterShemTov,MeiratEinayim,0.2633,6.310,0.316,45
23,KenegedAsaraMaamaritLondon847,Rabenu_Bahayii,0.2738,6.310,0.316,36
26,Ricanati_Zicaron_aharon_ed,UnKnownVatikan214,0.2758,4.737,0.314,66
14,DaatChachamVatokan107,UnKnownEskorial,0.1976,2.791,0.314,66
12,DaatChachamVatokan107,Likutim_bhml_1978,0.2039,4.737,0.310,78
26,KenegedAsaraMaamaritLondon847,UnKnownEskorial,0.2755,4.737,0.310,66
14,KeterShemTovMS_L,Ricanati_Zicaron_aharon_ed,0.1971,2.791,0.307,66
15,IbnShuib,KeterShemTovMS_L,0.2260,3.479,0.305,36
1,DaatChachamVatokan107,Likutim_bhml_1978,0.2304,3.479,0.305,45
10,Comment_a_shuib_Parma_68,Ricanati_Zicaron_aharon_ed,0.2257,3.479,0.303,55
24,DaatChachamVatokan114,UnKnownVatikan214,0.1945,2.791,0.302,66
26,DaatChachamVatokan107,UnKnownVatikan214,0.2749,6.310,0.302,66
25_2,DaatChachamVatokan214,KeterShemTov,0.1552,3.989,0.301,28
19_2,DaatChachamVatokan114,MeiratEinayim,0.2425,6.345,0.299,55
14,KenegedAsaraMaamaritLondon847,UnKnownEskorial,0.1964,2.791,0.298,66
26,KeterShemTov,SaportaOxford1645,0.2745,6.310,0.296,66
26,DaatChachamVatokan107,IbnShuib,0.2744,6.310,0.295,66
32,IbnShuib,Ricanati_Zicaron_aharon_ed,0.2256,3.479,0.292,21
18,KenegedAsaraMaamaritLondon847,Rabenu_Bahayii,0.2283,3.479,0.291,36
19_2,IbnShuib,UnKnownVatikan214,0.2415,6.345,0.286,55
12,MeiratEinayim,Rabenu_Bahayii,0.2011,4.737,0.286,78
5,KeterShemTov,Rabenu_Bahayii,0.2188,3.479,0.282,78
8,DaatChachamVatokan107,KenegedAsaraMaamaritLondon847,0.2056,4.737,0.275,36
13,MeiratEinayim,UnKnownEskorial,0.3008,4.737,0.274,45
30,DaatChachamVatokan114,IbnShuib,0.2595,6.310,0.273,45
17,MeiratEinayim,Rabenu_Bahayii,0.1630,3.989,0.272,55
26,DaatChachamVatokan114,UnKnownVatikan214,0.2727,6.310,0.272,66
19_2,IbnShuib,Rabenu_Bahayii,0.2399,6.345,0.266,55
16,IbnShuib,KeterShemTovMS_L,0.2355,6.345,0.265,28
21,IbnShuib,SaportaOxford1645,0.3360,6.322,0.260,36
6,Ricanati_Zicaron_aharon_ed,SaportaOxford1645,0.1359,1.544,0.258,78
17,Comment_a_shuib_Parma_68,KeterShemTovMS_L,0.1617,3.989,0.258,55
9,KeterShemTovMS_L,MeiratEinayim,0.3778,6.334,0.257,15
17,IbnShuib,MeiratEinayim,0.1616,3.989,0.257,55
5,IbnShuib,KenegedAsaraMaamaritLondon847,0.2169,3.479,0.256,78
5,Ricanati_Zicaron_aharon_ed,SaportaOxford1645,0.2167,3.479,0.254,78
30_1,KeterShemTov,MeiratEinayim,0.1745,2.356,0.250,28
13,DaatChachamVatokan107,IbnShuib,0.2976,4.737,0.242,45
14,KeterShemTovMS_L,Rabenu_Bahayii,0.1918,2.791,0.240,66
6,DaatChachamVatokan114,MeiratEinayim,0.1345,1.544,0.240,78
18,MeiratEinayim,Ricanati_Zicaron_aharon_ed,0.2240,3.479,0.239,36
14,DaatChachamVatokan114,Ricanati_Zicaron_aharon_ed,0.1917,2.791,0.239,66
15,KeterShemTov,MeiratEinayim,0.2229,3.479,0.236,36
8,DaatChachamVatokan114,IbnShuib,0.2019,4.737,0.236,36
8,DaatChachamVatokan114,Likutim_bhml_1978,0.2015,4.737,0.231,36
17,IbnShuib,KenegedAsaraMaamaritLondon847,0.1591,3.989,0.229,55
30,MeiratEinayim,Ricanati_Zicaron_aharon_ed,0.2554,6.345,0.227,45
12,DaatChachamVatokan114,Likutim_bhml_1978,0.1943,2.791,0.227,78
20,Ricanati_Zicaron_aharon_ed,UnKnownVatikan214,0.1910,2.791,0.226,66
5,KeterShemTov,SaportaOxford1645,0.2146,4.737,0.225,78
12,KeterShemTov,Likutim_bhml_1978,0.1941,2.791,0.225,78
25_2,Rabenu_Bahayii,UnKnownEskorial,0.1488,3.989,0.223,28
30,DaatChachamVatokan107,IbnShuib,0.2549,6.345,0.222,45
27,IbnShuib,UnKnownVatikan214,0.1947,2.791,0.222,55
6,KeterShemTov,Likutim_bhml_1978,0.1330,1.544,0.221,78
19_1,DaatChachamVatokan114,KenegedAsaraMaamaritLondon847,0.2506,6.345,0.220,28
18,DaatChachamVatokan107,MeiratEinayim,0.2222,3.479,0.218,36
31,DaatChachamVatokan114,Ricanati_Zicaron_aharon_ed,0.2000,4.737,0.214,36
4,DaatChachamVatokan107,KeterShemTov,0.2225,3.479,0.214,66
4,DaatChachamVatokan114,IbnShuib,0.2222,3.479,0.210,66
30,DaatChachamVatokan107,KenegedAsaraMaamaritLondon847,0.2538,6.345,0.210,45
6,KeterShemTovMS_L,Likutim_bhml_1978,0.1317,1.544,0.205,78
23,IbnShuib,Ricanati_Zicaron_aharon_ed,0.2553,6.345,0.205,36
7_2,IbnShuib,KenegedAsaraMaamaritLondon847,0.3015,4.737,0.195,15
31,DaatChachamVatokan107,Ricanati_Zicaron_aharon_ed,0.1979,2.791,0.194,36
17,KenegedAsaraMaamaritLondon847,Ricanati_Zicaron_aharon_ed,0.1558,3.989,0.192,55
23,IbnShuib,KeterShemTov,0.2531,6.345,0.192,36
20,DaatChachamVatokan107,IbnShuib,0.1881,2.791,0.191,66
25,IbnShuib,KenegedAsaraMaamaritLondon847,0.1488,3.989,0.189,28
25_2,DaatChachamVatokan214,Ricanati_Zicaron_aharon_ed,0.1459,1.544,0.188,28
18,KenegedAsaraMaamaritLondon847,UnKnownEskorial,0.2197,3.479,0.187,36
29,Ricanati_Zicaron_aharon_ed,UnKnownEskorial,0.2500,6.345,0.187,28
12,DaatChachamVatokan114,IbnShuib,0.1896,2.791,0.186,78
12,DaatChachamVatokan214,UnKnownEskorial,0.1891,2.791,0.182,78
17,DaatChachamVatokan114,Ricanati_Zicaron_aharon_ed,0.1548,3.989,0.181,55
6,MeiratEinayim,UnKnownEskorial,0.1297,0.381,0.180,78
14,DaatChachamVatokan114,IbnShuib,0.1870,2.791,0.180,66
18,IbnShuib,KenegedAsaraMaamaritLondon847,0.2189,3.479,0.178,36
20,Rabenu_Bahayii,מערכת האלוהות,0.1860,2.791,0.166,66
4,DaatChachamVatokan107,Rabenu_Bahayii,0.2183,3.479,0.166,66
23,KeterShemTov,Ricanati_Zicaron_aharon_ed,0.2481,6.345,0.162,36
11,MeiratEinayim,UnKnownEskorial,0.2587,6.310,0.161,45
12,Likutim_bhml_1978,MeiratEinayim,0.1866,2.791,0.160,78
13,KeterShemTov,UnKnownEskorial,0.2893,4.737,0.159,45
17,KenegedAsaraMaamaritLondon847,KeterShemTovMS_L,0.1527,3.989,0.157,55
21,SaportaOxford1645,UnKnownEskorial,0.3273,6.322,0.155,36
29,IbnShuib,KenegedAsaraMaamaritMinchen40,0.2476,6.345,0.153,28
6,KeterShemTovMS_L,SaportaOxford1645,0.1273,0.381,0.150,78
11,DaatChachamVatokan107,Ricanati_Zicaron_aharon_ed,0.2574,6.310,0.149,45
1,DaatChachamVatokan114,Rabenu_Bahayii,0.2101,4.737,0.148,45
30,MeiratEinayim,Rabenu_Bahayii,0.2483,6.345,0.148,45
7_2,IbnShuib,MeiratEinayim,0.2980,4.737,0.147,15
22,KeterShemTov,Ricanati_Zicaron_aharon_ed,0.1932,2.791,0.143,36
6,IbnShuib,SaportaOxford1645,0.1267,0.381,0.142,78
18,DaatChachamVatokan107,KeterShemTov,0.2159,3.479,0.141,36
18,KenegedAsaraMaamaritLondon847,KeterShemTov,0.2159,3.479,0.141,36
5,DaatChachamVatokan214,KenegedAsaraMaamaritLondon847,0.2083,4.737,0.141,78
5,IbnShuib,UnKnownEskorial,0.2081,4.737,0.138,78
8,DaatChachamVatokan107,MeiratEinayim,0.1926,2.791,0.136,36
27,KeterShemTov,Rabenu_Bahayii,0.1875,2.791,0.135,55
21,MeiratEinayim,UnKnownEskorial,0.3252,6.322,0.130,36
24,DaatChachamVatokan107,MeiratEinayim,0.1838,2.791,0.129,66
24,MeiratEinayim,UnKnownVatikan214,0.1837,2.791,0.128,66
26,IbnShuib,KenegedAsaraMaamaritLondon847,0.2621,6.310,0.128,66
5,DaatChachamVatokan114,Likutim_bhml_1978,0.2073,4.737,0.127,78
10,KeterShemTov,Ricanati_Zicaron_aharon_ed,0.2134,4.737,0.126,55
12,Likutim_bhml_1978,UnKnownEskorial,0.1825,2.791,0.125,78
14,KeterShemTov,SaportaOxford1645,0.1825,2.791,0.123,66
31,Rabenu_Bahayii,UnKnownEskorial,0.1907,2.791,0.122,36
26_1,KeterShemTov,UnKnownEskorial,0.2574,6.310,0.122,28
10,KeterShemTovMS_L,Rabenu_Bahayii,0.2131,4.737,0.121,55
24,DaatChachamVatokan107,Ricanati_Zicaron_aharon_ed,0.1833,2.791,0.121,66
6,KeterShemTovMS_L,Rabenu_Bahayii,0.1250,0.381,0.121,78
19_2,MeiratEinayim,Rabenu_Bahayii,0.2286,3.479,0.121,55
17,KeterShemTovMS_L,UnKnownEskorial,0.1494,3.989,0.121,55
3,Likutim_bhml_1978,MeiratEinayim,0.0521,-2.635,0.117,10
17,KeterShemTovMS_L,Ricanati_Zicaron_aharon_ed,0.1488,3.989,0.114,55
24,Comment_b_note_of_unknown,KenegedAsaraMaamaritLondon847,0.1828,2.791,0.113,66
21,IbnShuib,MeiratEinayim,0.3235,6.322,0.110,36
21,KeterShemTov,SaportaOxford1645,0.3234,6.322,0.109,36
10,DaatChachamVatokan107,Rabenu_Bahayii,0.2121,4.737,0.107,55
6,DaatChachamVatokan107,IbnShuib,0.1237,0.381,0.104,78
15,KeterShemTov,SaportaOxford1645,0.2170,3.479,0.104,36
24,Rabenu_Bahayii,UnKnownVatikan214,0.1822,2.791,0.104,66
2,KenegedAsaraMaamaritLondon847,KeterShemTov,0.2012,4.737,0.099,15
13,DaatChachamVatokan107,KeterShemTov,0.2833,4.737,0.098,45
15,IbnShuib,UnKnownEskorial,0.2167,3.479,0.097,36
32,IbnShuib,Rabenu_Bahayii,0.2087,4.737,0.096,21
15,KeterShemTovMS_L,Rabenu_Bahayii,0.2166,3.479,0.095,36
5,KeterShemTov,Ricanati_Zicaron_aharon_ed,0.2049,4.737,0.095,78
30,KeterShemTov,UnKnownEskorial,0.2432,6.345,0.091,45
15,KenegedAsaraMaamaritLondon847,UnKnownEskorial,0.2164,3.479,0.091,36
20,KeterShemTov,UnKnownVatikan214,0.1790,2.356,0.083,66
17,KeterShemTovMS_L,Rabenu_Bahayii,0.1459,1.544,0.082,55
8,MeiratEinayim,Rabenu_Bahayii,0.1872,2.791,0.078,36
30_1,KeterShemTov,Rabenu_Bahayii,0.1569,3.989,0.078,28
15,KenegedAsaraMaamaritLondon847,KeterShemTov,0.2158,4.737,0.077,36
12,KenegedAsaraMaamaritLondon847,KeterShemTovMS_L,0.1769,2.356,0.076,78
3,Comment_a_shuib_Parma_68,IbnShuib,0.0494,-2.635,0.076,10
21,DaatChachamVatokan214,KeterShemTov,0.3205,6.322,0.074,36
18,Rabenu_Bahayii,UnKnownEskorial,0.2103,4.737,0.074,36
12,KeterShemTov,MeiratEinayim,0.1766,2.356,0.074,78
23,KenegedAsaraMaamaritLondon847,KeterShemTov,0.2333,6.345,0.074,36
11,DaatChachamVatokan114,KeterShemTovMS_L,0.2494,6.345,0.070,45
26,KenegedAsaraMaamaritLondon847,Ricanati_Zicaron_aharon_ed,0.2578,6.310,0.069,66
13,DaatChachamVatokan107,KeterShemTovMS_L,0.2803,4.737,0.068,45
32,KeterShemTov,Rabenu_Bahayii,0.2062,4.737,0.067,21
7_1,IbnShuib,KenegedAsaraMaamaritLondon847,0.3000,4.737,0.067,45
7_1,IbnShuib,Rabenu_Bahayii,0.3000,4.737,0.067,45
7_1,KeterShemTov,SaportaOxford1645,0.3000,4.737,0.067,45
24,MeiratEinayim,UnKnownEskorial,0.1799,2.356,0.066,66
12,MeiratEinayim,UnKnownEskorial,0.1755,2.356,0.064,78
14,DaatChachamVatokan214,Ricanati_Zicaron_aharon_ed,0.1778,2.356,0.064,66
29,IbnShuib,UnKnownVatikan214,0.2412,6.345,0.064,28
15,KeterShemTovMS_L,UnKnownEskorial,0.2151,4.737,0.062,36
5,DaatChachamVatokan214,MeiratEinayim,0.2024,4.737,0.061,78
10,Rabenu_Bahayii,UnKnownEskorial,0.2087,4.737,0.058,55
25_2,IbnShuib,KenegedAsaraMaamaritLondon847,0.1350,1.544,0.055,28
9,IbnShuib,Rabenu_Bahayii,0.3556,6.334,0.050,15
18,DaatChachamVatokan114,UnKnownEskorial,0.2083,4.737,0.050,36
17,DaatChachamVatokan107,DaatChachamVatokan114,0.1429,1.544,0.048,55
4,KeterShemTov,SaportaOxford1645,0.2079,4.737,0.048,66
19_1,DaatChachamVatokan114,KeterShemTov,0.2353,6.345,0.047,28
20,KeterShemTov,Ricanati_Zicaron_aharon_ed,0.1760,2.356,0.047,66
30_1,DaatChachamVatokan114,UnKnownEskorial,0.1536,3.989,0.046,28
19_1,KeterShemTov,MeiratEinayim,0.2349,6.345,0.043,28
4,Rabenu_Bahayii,UnKnownEskorial,0.2074,4.737,0.042,66
6,MeiratEinayim,Rabenu_Bahayii,0.1186,0.381,0.040,78
31,Comment_a_shuib_Parma_68,IbnShuib,0.1823,2.791,0.039,36
13,DaatChachamVatokan114,KenegedAsaraMaamaritLondon847,0.2771,4.737,0.036,45
10,Comment_a_shuib_Parma_68,Rabenu_Bahayii,0.2070,4.737,0.033,55
2,KeterShemTov,MeiratEinayim,0.1992,4.737,0.033,15
22,Ricanati_Zicaron_aharon_ed,UnKnownEskorial,0.1855,2.791,0.033,36
8,KeterShemTov,MeiratEinayim,0.1829,2.791,0.032,36
8,KeterShemTovMS_L,MeiratEinayim,0.1829,2.791,0.032,36
5,Rabenu_Bahayii,UnKnownEskorial,0.2001,4.737,0.030,78
25,IbnShuib,KeterShemTov,0.1354,1.544,0.030,28
20,MeiratEinayim,מערכת האלוהות,0.1744,2.356,0.028,66
16,KeterShemTovMS_L,Ricanati_Zicaron_aharon_ed,0.2148,4.737,0.027,28
5,Likutim_bhml_1978,Rabenu_Bahayii,0.1998,4.737,0.026,78
23,IbnShuib,Rabenu_Bahayii,0.2251,3.479,0.025,36
30_1,IbnShuib,MeiratEinayim,0.1511,3.989,0.021,28
24,Comment_b_note_of_unknown,UnKnownEskorial,0.1769,2.356,0.018,66
26,KeterShemTov,Ricanati_Zicaron_aharon_ed,0.2538,6.345,0.015,66
5,MeiratEinayim,UnKnownEskorial,0.1989,4.737,0.014,78
11,IbnShuib,Ricanati_Zicaron_aharon_ed,0.2434,6.345,0.011,45
14,Rabenu_Bahayii,SaportaOxford1645,0.1736,2.356,0.011,66
20,KenegedAsaraMaamaritLondon847,UnKnownVatikan214,0.1728,2.356,0.009,66
12,DaatChachamVatokan114,UnKnownEskorial,0.1690,2.356,0.008,78
21,DaatChachamVatokan214,KenegedAsaraMaamaritLondon847,0.3148,6.322,0.006,36
25,DaatChachamVatokan107,SaportaOxford1645,0.1333,1.544,0.005,28
29,MeiratEinayim,Ricanati_Zicaron_aharon_ed,0.2369,6.345,0.003,28
5,DaatChachamVatokan114,SaportaOxford1645,0.1981,2.791,0.003,78
6,DaatChachamVatokan114,Ricanati_Zicaron_aharon_ed,0.1156,0.381,0.003,78
18,KeterShemTov,Ricanati_Zicaron_aharon_ed,0.2044,4.737,0.002,36
12,Likutim_bhml_1978,Ricanati_Zicaron_aharon_ed,0.1683,2.356,0.002,78
4,IbnShuib,KeterShemTov,0.2038,4.737,0.001,66
1,DaatChachamVatokan114,Likutim_bhml_1978,0.1909,2.791,0.000,45
10,DaatChachamVatokan114,UnKnownEskorial,0.2047,4.737,0.000,55
11,Rabenu_Bahayii,UnKnownEskorial,0.2423,6.345,0.000,45
13,KeterShemTov,MeiratEinayim,0.2735,6.310,0.000,45
17,KeterShemTov,MeiratEinayim,0.1386,1.544,0.000,55
19_2,MeiratEinayim,UnKnownVatikan214,0.2192,3.479,0.000,55
2,IbnShuib,Rabenu_Bahayii,0.1982,2.791,0.000,15
27,DaatChachamVatokan114,Ricanati_Zicaron_aharon_ed,0.1763,2.356,0.000,55
27,KenegedAsaraMaamaritParis868,Ricanati_Zicaron_aharon_ed,0.1763,2.356,0.000,55
28,IbnShuib,KeterShemTov,0.3333,6.322,0.000,1
30,KenegedAsaraMaamaritLondon847,KeterShemTov,0.2351,6.345,0.000,45
32,DaatChachamVatokan114,Ricanati_Zicaron_aharon_ed,0.2004,4.737,0.000,21
7_1,KenegedAsaraMaamaritLondon847,KeterShemTovMS_L,0.2917,4.737,0.000,45
7_1,KeterShemTovMS_L,SaportaOxford1645,0.2917,4.737,0.000,45
7_2,KeterShemTov,MeiratEinayim,0.2873,4.737,0.000,15
9,IbnShuib,KeterShemTovMS_L,0.3502,6.334,0.000,15
4,Ricanati_Zicaron_aharon_ed,UnKnownEskorial,0.2036,4.737,-0.001,66
12,DaatChachamVatokan107,Rabenu_Bahayii,0.1679,2.356,-0.002,78
18,DaatChachamVatokan114,MeiratEinayim,0.2040,4.737,-0.002,36
6,KenegedAsaraMaamaritLondon847,KeterShemTov,0.1152,0.381,-0.003,78
5,KenegedAsaraMaamaritLondon847,MeiratEinayim,0.1976,2.791,-0.003,78
29,KenegedAsaraMaamaritMinchen40,MeiratEinayim,0.2364,6.345,-0.003,28
25,DaatChachamVatokan107,KenegedAsaraMaamaritLondon847,0.1325,1.544,-0.005,28
25,DaatChachamVatokan114,KenegedAsaraMaamaritLondon847,0.1325,1.544,-0.005,28
21,KeterShemTov,UnKnownEskorial,0.3138,6.322,-0.006,36
7_2,KeterShemTovMS_L,MeiratEinayim,0.2868,4.737,-0.007,15
11,IbnShuib,Rabenu_Bahayii,0.2415,6.345,-0.008,45
5,IbnShuib,KeterShemTovMS_L,0.1972,2.791,-0.009,78
20,DaatChachamVatokan114,UnKnownEskorial,0.1713,2.356,-0.009,66
14,DaatChachamVatokan114,MeiratEinayim,0.1719,2.356,-0.011,66
11,IbnShuib,KeterShemTov,0.2409,6.345,-0.014,45
26,IbnShuib,MeiratEinayim,0.2516,6.345,-0.015,66
11,DaatChachamVatokan107,MeiratEinayim,0.2406,6.345,-0.017,45
24,Comment_b_note_of_unknown,DaatChachamVatokan107,0.1747,2.356,-0.018,66
30_1,DaatChachamVatokan107,UnKnownEskorial,0.1468,1.544,-0.021,28
23,KenegedAsaraMaamaritLondon847,MeiratEinayim,0.2169,3.479,-0.025,36
14,KeterShemTov,Rabenu_Bahayii,0.1707,2.356,-0.026,66
16,KeterShemTov,Rabenu_Bahayii,0.2102,4.737,-0.027,28
13,DaatChachamVatokan107,Ricanati_Zicaron_aharon_ed,0.2708,6.310,-0.027,45
13,Rabenu_Bahayii,Ricanati_Zicaron_aharon_ed,0.2705,6.310,-0.030,45
24,DaatChachamVatokan114,IbnShuib,0.1739,2.356,-0.031,66
4,DaatChachamVatokan107,Likutim_bhml_1978,0.2009,4.737,-0.032,66
8,KenegedAsaraMaamaritLondon847,Likutim_bhml_1978,0.1769,2.356,-0.032,36
22,Comment_a_shuib_Parma_68,KeterShemTov,0.1809,2.791,-0.033,36
32,MeiratEinayim,Ricanati_Zicaron_aharon_ed,0.1975,2.791,-0.034,21
24,KenegedAsaraMaamaritLondon847,Rabenu_Bahayii,0.1735,2.356,-0.037,66
27,KeterShemTov,UnKnownVatikan214,0.1731,2.356,-0.039,55
31,Rabenu_Bahayii,Ricanati_Zicaron_aharon_ed,0.1744,2.356,-0.039,36
29,KenegedAsaraMaamaritMinchen40,UnKnownEskorial,0.2337,6.345,-0.041,28
19_1,MeiratEinayim,UnKnownEskorial,0.2273,3.479,-0.043,28
21,MeiratEinayim,Ricanati_Zicaron_aharon_ed,0.3107,6.322,-0.043,36
24,Comment_b_note_of_unknown,DaatChachamVatokan114,0.1730,2.356,-0.045,66
13,DaatChachamVatokan114,KeterShemTov,0.2689,6.310,-0.046,45
19_2,Ricanati_Zicaron_aharon_ed,UnKnownVatikan214,0.2155,4.737,-0.048,55
6,KeterShemTovMS_L,MeiratEinayim,0.1113,0.381,-0.052,78
14,MeiratEinayim,UnKnownEskorial,0.1684,2.356,-0.055,66
25_2,KeterShemTov,Ricanati_Zicaron_aharon_ed,0.1259,0.381,-0.055,28
27,KeterShemTov,UnKnownEskorial,0.1717,2.356,-0.055,55
12,DaatChachamVatokan107,KeterShemTov,0.1616,3.989,-0.056,78
2,KenegedAsaraMaamaritLondon847,KeterShemTovMS_L,0.1964,2.791,-0.060,15
24,KenegedAsaraMaamaritLondon847,Ricanati_Zicaron_aharon_ed,0.1721,2.356,-0.060,66
15,IbnShuib,KenegedAsaraMaamaritLondon847,0.2096,4.737,-0.062,36
17,KeterShemTov,UnKnownEskorial,0.1329,1.544,-0.064,55
26,KeterShemTov,UnKnownEskorial,0.2480,6.345,-0.064,66
30,IbnShuib,Rabenu_Bahayii,0.2293,3.479,-0.065,45
10,Comment_a_shuib_Parma_68,KeterShemTovMS_L,0.2000,4.737,-0.068,55
5,IbnShuib,MeiratEinayim,0.1925,2.791,-0.072,78
14,DaatChachamVatokan114,UnKnownEskorial,0.1670,2.356,-0.073,66
14,KeterShemTovMS_L,UnKnownEskorial,0.1670,2.356,-0.073,66
25,DaatChachamVatokan107,IbnShuib,0.1267,0.381,-0.074,28
25,DaatChachamVatokan114,IbnShuib,0.1267,0.381,-0.074,28
3,Likutim_bhml_1978,Rabenu_Bahayii,0.0394,-4.034,-0.076,10
12,KeterShemTovMS_L,Likutim_bhml_1978,0.1593,3.989,-0.076,78
4,DaatChachamVatokan107,SaportaOxford1645,0.1969,2.791,-0.077,66
30,DaatChachamVatokan114,Rabenu_Bahayii,0.2279,3.479,-0.081,45
25,DaatChachamVatokan114,KeterShemTov,0.1260,0.381,-0.082,28
4,Likutim_bhml_1978,UnKnownEskorial,0.1964,2.791,-0.083,66
10,IbnShuib,KeterShemTovMS_L,0.1989,4.737,-0.084,55
12,DaatChachamVatokan114,Rabenu_Bahayii,0.1582,3.989,-0.086,78
27,Ricanati_Zicaron_aharon_ed,UnKnownVatikan214,0.1690,2.356,-0.088,55
26,DaatChachamVatokan114,Ricanati_Zicaron_aharon_ed,0.2462,6.345,-0.088,66
22,IbnShuib,Rabenu_Bahayii,0.1770,2.356,-0.089,36
26,DaatChachamVatokan114,IbnShuib,0.2459,6.345,-0.092,66
17,Comment_a_shuib_Parma_68,IbnShuib,0.1303,1.544,-0.093,55
22,KeterShemTov,Rabenu_Bahayii,0.1767,2.356,-0.093,36
13,KenegedAsaraMaamaritLondon847,KeterShemTov,0.2642,6.310,-0.093,45
4,DaatChachamVatokan107,KeterShemTovMS_L,0.1954,2.791,-0.094,66
7_1,Ricanati_Zicaron_aharon_ed,UnKnownEskorial,0.2800,4.737,-0.095,45
8,IbnShuib,MeiratEinayim,0.1709,2.356,-0.096,36
24,Comment_b_note_of_unknown,Rabenu_Bahayii,0.1698,2.356,-0.097,66
6,DaatChachamVatokan107,MeiratEinayim,0.1076,-0.102,-0.098,78
31,DaatChachamVatokan114,KeterShemTov,0.1684,2.356,-0.099,36
26,IbnShuib,KeterShemTov,0.2450,6.345,-0.105,66
25,Comment_a_shuib_Parma_68,KeterShemTov,0.1241,0.381,-0.105,28
26,MeiratEinayim,UnKnownVatikan214,0.2447,6.345,-0.109,66
14,MeiratEinayim,Rabenu_Bahayii,0.1641,2.356,-0.109,66
29,IbnShuib,Rabenu_Bahayii,0.2288,3.479,-0.110,28
4,DaatChachamVatokan114,Likutim_bhml_1978,0.1938,2.791,-0.113,66
31,DaatChachamVatokan107,IbnShuib,0.1667,2.356,-0.115,36
27,DaatChachamVatokan107,Rabenu_Bahayii,0.1667,2.356,-0.116,55
3,Comment_a_shuib_Parma_68,Rabenu_Bahayii,0.0367,-4.034,-0.117,10
21,DaatChachamVatokan214,IbnShuib,0.3043,6.322,-0.120,36
24,Comment_b_note_of_unknown,MeiratEinayim,0.1684,2.356,-0.120,66
26_1,IbnShuib,KeterShemTov,0.2228,3.479,-0.122,28
1,KeterShemTovMS_L,UnKnownEskorial,0.1742,2.356,-0.129,45
30_1,DaatChachamVatokan114,Ricanati_Zicaron_aharon_ed,0.1357,1.544,-0.130,28
15,MeiratEinayim,UnKnownEskorial,0.2065,4.737,-0.131,36
10,KeterShemTovMS_L,MeiratEinayim,0.1956,2.791,-0.131,55
11,DaatChachamVatokan114,IbnShuib,0.2289,3.479,-0.132,45
10,Comment_a_shuib_Parma_68,UnKnownEskorial,0.1955,2.791,-0.133,55
6,SaportaOxford1645,UnKnownEskorial,0.1047,-0.102,-0.135,78
7_1,KenegedAsaraMaamaritLondon847,Ricanati_Zicaron_aharon_ed,0.2750,6.310,-0.135,45
7_1,DaatChachamVatokan114,UnKnownEskorial,0.2746,6.310,-0.138,45
12,DaatChachamVatokan114,KeterShemTov,0.1520,3.989,-0.139,78
10,KeterShemTovMS_L,UnKnownEskorial,0.1950,2.791,-0.140,55
5,MeiratEinayim,Ricanati_Zicaron_aharon_ed,0.1874,2.791,-0.141,78
12,KeterShemTov,UnKnownEskorial,0.1518,3.989,-0.141,78
31,DaatChachamVatokan114,Rabenu_Bahayii,0.1641,2.356,-0.141,36
26_1,DaatChachamVatokan107,KeterShemTov,0.2201,3.479,-0.141,28
16,Rabenu_Bahayii,Ricanati_Zicaron_aharon_ed,0.2002,4.737,-0.142,28
24,DaatChachamVatokan114,UnKnownEskorial,0.1670,2.356,-0.142,66
5,KenegedAsaraMaamaritLondon847,Likutim_bhml_1978,0.1870,2.791,-0.146,78
13,DaatChachamVatokan107,UnKnownEskorial,0.2589,6.310,-0.147,45
8,DaatChachamVatokan107,Rabenu_Bahayii,0.1661,2.356,-0.148,36
31,IbnShuib,Rabenu_Bahayii,0.1630,3.989,-0.152,36
26,DaatChachamVatokan107,Ricanati_Zicaron_aharon_ed,0.2414,6.345,-0.154,66
19_2,DaatChachamVatokan107,Rabenu_Bahayii,0.2072,4.737,-0.154,55
27,Ricanati_Zicaron_aharon_ed,UnKnownEskorial,0.1634,2.356,-0.155,55
14,Rabenu_Bahayii,Ricanati_Zicaron_aharon_ed,0.1604,3.989,-0.156,66
9,KeterShemTov,Rabenu_Bahayii,0.3333,6.322,-0.157,15
4,DaatChachamVatokan114,MeiratEinayim,0.1898,2.791,-0.158,66
16,Comment_a_shuib_Parma_68,Rabenu_Bahayii,0.1986,2.791,-0.160,28
20,KeterShemTov,UnKnownEskorial,0.1585,3.989,-0.162,66
17,KeterShemTov,Ricanati_Zicaron_aharon_ed,0.1241,0.381,-0.162,55
23,KeterShemTov,MeiratEinayim,0.1935,2.791,-0.164,36
6,Comment_a_shuib_Parma_68,UnKnownEskorial,0.1023,-0.102,-0.165,78
6,KenegedAsaraMaamaritLondon847,Ricanati_Zicaron_aharon_ed,0.1023,-0.102,-0.165,78
11,KeterShemTov,UnKnownEskorial,0.2250,3.479,-0.170,45
25,KeterShemTov,MeiratEinayim,0.1184,0.381,-0.173,28
7_2,IbnShuib,KeterShemTov,0.2747,6.310,-0.173,15
27,DaatChachamVatokan107,KeterShemTov,0.1617,3.989,-0.176,55
30_1,Rabenu_Bahayii,Ricanati_Zicaron_aharon_ed,0.1310,1.544,-0.176,28
19_2,DaatChachamVatokan107,Ricanati_Zicaron_aharon_ed,0.2055,4.737,-0.176,55
25_2,KenegedAsaraMaamaritLondon847,Ricanati_Zicaron_aharon_ed,0.1157,0.381,-0.179,28
16,KeterShemTov,Ricanati_Zicaron_aharon_ed,0.1969,2.791,-0.180,28
31,DaatChachamVatokan107,KeterShemTov,0.1601,3.989,-0.181,36
17,IbnShuib,Rabenu_Bahayii,0.1221,0.381,-0.184,55
20,DaatChachamVatokan114,IbnShuib,0.1566,3.989,-0.184,66
6,Comment_a_shuib_Parma_68,MeiratEinayim,0.1007,-0.102,-0.185,78
20,Rabenu_Bahayii,UnKnownEskorial,0.1565,3.989,-0.185,66
31,Comment_a_shuib_Parma_68,UnKnownEskorial,0.1590,3.989,-0.192,36
17,IbnShuib,UnKnownEskorial,0.1213,0.381,-0.193,55
10,IbnShuib,Ricanati_Zicaron_aharon_ed,0.1911,2.791,-0.196,55
5,DaatChachamVatokan107,DaatChachamVatokan214,0.1827,2.791,-0.204,78
4,KeterShemTov,Rabenu_Bahayii,0.1856,2.791,-0.206,66
30,DaatChachamVatokan107,MeiratEinayim,0.2167,3.479,-0.206,45
13,KeterShemTov,Ricanati_Zicaron_aharon_ed,0.2528,6.345,-0.208,45
11,IbnShuib,KenegedAsaraMaamaritLondon847,0.2210,3.479,-0.210,45
26,MeiratEinayim,UnKnownEskorial,0.2372,6.345,-0.211,66
17,KeterShemTovMS_L,MeiratEinayim,0.1196,0.381,-0.212,55
14,IbnShuib,Ricanati_Zicaron_aharon_ed,0.1556,3.989,-0.216,66
8,DaatChachamVatokan114,MeiratEinayim,0.1595,3.989,-0.218,36
8,Likutim_bhml_1978,Rabenu_Bahayii,0.1595,3.989,-0.218,36
10,Comment_a_shuib_Parma_68,KeterShemTov,0.1894,2.791,-0.221,55
6,KenegedAsaraMaamaritLondon847,UnKnownEskorial,0.0978,-0.102,-0.221,78
27,DaatChachamVatokan114,KeterShemTov,0.1579,3.989,-0.222,55
27,KenegedAsaraMaamaritParis868,UnKnownEskorial,0.1579,3.989,-0.222,55
12,MeiratEinayim,Ricanati_Zicaron_aharon_ed,0.1424,1.544,-0.223,78
31,DaatChachamVatokan107,Rabenu_Bahayii,0.1558,3.989,-0.223,36
12,DaatChachamVatokan107,DaatChachamVatokan214,0.1422,1.544,-0.224,78
13,KenegedAsaraMaamaritLondon847,Rabenu_Bahayii,0.2511,6.345,-0.225,45
26,DaatChachamVatokan107,MeiratEinayim,0.2360,6.345,-0.227,66
15,KeterShemTovMS_L,MeiratEinayim,0.2020,4.737,-0.232,36
6,KeterShemTov,Rabenu_Bahayii,0.0970,-0.102,-0.232,78
12,DaatChachamVatokan214,Ricanati_Zicaron_aharon_ed,0.1412,1.544,-0.233,78
11,Ricanati_Zicaron_aharon_ed,UnKnownEskorial,0.2183,3.479,-0.236,45
1,IbnShuib,KeterShemTovMS_L,0.1601,3.989,-0.238,45
30_1,DaatChachamVatokan107,IbnShuib,0.1244,0.381,-0.241,28
4,DaatChachamVatokan107,KenegedAsaraMaamaritLondon847,0.1825,2.791,-0.241,66
20,MeiratEinayim,UnKnownVatikan214,0.1518,3.989,-0.242,66
7_2,IbnShuib,KeterShemTovMS_L,0.2696,6.310,-0.243,15
20,DaatChachamVatokan114,MeiratEinayim,0.1516,3.989,-0.244,66
30_1,DaatChachamVatokan107,Ricanati_Zicaron_aharon_ed,0.1238,0.381,-0.247,28
5,Likutim_bhml_1978,MeiratEinayim,0.1795,2.356,-0.247,78
27,Comment_a_shuib_Parma_68,IbnShuib,0.1556,3.989,-0.249,55
5,DaatChachamVatokan214,IbnShuib,0.1790,2.356,-0.254,78
20,DaatChachamVatokan107,Rabenu_Bahayii,0.1507,3.989,-0.255,66
12,KeterShemTovMS_L,Ricanati_Zicaron_aharon_ed,0.1384,1.544,-0.257,78
1,MeiratEinayim,UnKnownEskorial,0.1575,3.989,-0.258,45
13,DaatChachamVatokan114,IbnShuib,0.2476,6.345,-0.260,45
20,IbnShuib,Rabenu_Bahayii,0.1501,3.989,-0.262,66
4,MeiratEinayim,UnKnownEskorial,0.1806,2.356,-0.263,66
32,DaatChachamVatokan107,IbnShuib,0.1777,2.356,-0.263,21
27,Rabenu_Bahayii,UnKnownVatikan214,0.1542,3.989,-0.266,55
1,DaatChachamVatokan114,UnKnownEskorial,0.1564,3.989,-0.267,45
13,IbnShuib,MeiratEinayim,0.2468,6.345,-0.268,45
25_2,KenegedAsaraMaamaritLondon847,MeiratEinayim,0.1084,-0.102,-0.268,28
10,DaatChachamVatokan114,Ricanati_Zicaron_aharon_ed,0.1861,2.791,-0.269,55
14,KeterShemTov,UnKnownEskorial,0.1514,3.989,-0.269,66
30,KeterShemTov,Ricanati_Zicaron_aharon_ed,0.2107,4.737,-0.273,45
20,DaatChachamVatokan107,Ricanati_Zicaron_aharon_ed,0.1491,3.989,-0.274,66
20,DaatChachamVatokan114,UnKnownVatikan214,0.1487,3.989,-0.279,66
6,DaatChachamVatokan114,KeterShemTov,0.0932,-0.102,-0.279,78
22,Comment_a_shuib_Parma_68,DaatChachamVatokan107,0.1636,2.356,-0.280,36
12,DaatChachamVatokan114,DaatChachamVatokan214,0.1357,1.544,-0.281,78
29,KeterShemTov,UnKnownVatikan214,0.2164,3.479,-0.283,28
11,MeiratEinayim,Rabenu_Bahayii,0.2135,4.737,-0.284,45
24,Comment_a_shuib_Parma_68,DaatChachamVatokan114,0.1580,3.989,-0.288,66
16,Comment_a_shuib_Parma_68,KenegedAsaraMaamaritLondon847,0.1875,2.791,-0.288,28
23,MeiratEinayim,Ricanati_Zicaron_aharon_ed,0.1720,2.356,-0.293,36
6,DaatChachamVatokan107,KeterShemTovMS_L,0.0920,-0.102,-0.294,78
6,DaatChachamVatokan114,KeterShemTovMS_L,0.0920,-0.102,-0.294,78
19_2,DaatChachamVatokan114,UnKnownVatikan214,0.1962,2.791,-0.295,55
15,KenegedAsaraMaamaritLondon847,MeiratEinayim,0.1991,4.737,-0.296,36
31,KeterShemTov,Rabenu_Bahayii,0.1482,3.989,-0.299,36
11,DaatChachamVatokan107,IbnShuib,0.2117,4.737,-0.301,45
26,KenegedAsaraMaamaritLondon847,MeiratEinayim,0.2304,3.479,-0.303,66
10,Ricanati_Zicaron_aharon_ed,UnKnownEskorial,0.1837,2.791,-0.303,55
14,KeterShemTovMS_L,SaportaOxford1645,0.1486,3.989,-0.305,66
30_1,MeiratEinayim,Rabenu_Bahayii,0.1170,0.381,-0.313,28
5,KeterShemTovMS_L,Likutim_bhml_1978,0.1745,2.356,-0.314,78
14,KeterShemTovMS_L,MeiratEinayim,0.1478,1.544,-0.315,66
12,IbnShuib,MeiratEinayim,0.1317,1.544,-0.315,78
25_2,KeterShemTov,UnKnownEskorial,0.1042,-0.102,-0.319,28
1,SaportaOxford1645,UnKnownEskorial,0.1493,3.989,-0.321,45
14,KenegedAsaraMaamaritLondon847,SaportaOxford1645,0.1465,1.544,-0.331,66
6,DaatChachamVatokan114,UnKnownEskorial,0.0889,-1.463,-0.333,78
10,DaatChachamVatokan107,Ricanati_Zicaron_aharon_ed,0.1816,2.791,-0.334,55
29,IbnShuib,KeterShemTov,0.2128,4.737,-0.334,28
15,IbnShuib,SaportaOxford1645,0.1973,2.791,-0.337,36
30,KenegedAsaraMaamaritLondon847,Ricanati_Zicaron_aharon_ed,0.2050,4.737,-0.337,45
7_1,KenegedAsaraMaamaritLondon847,Rabenu_Bahayii,0.2500,6.345,-0.338,45
23,DaatChachamVatokan214,KeterShemTov,0.1645,2.356,-0.338,36
12,KeterShemTov,Ricanati_Zicaron_aharon_ed,0.1287,0.381,-0.341,78
15,SaportaOxford1645,UnKnownEskorial,0.1970,2.791,-0.343,36
32,DaatChachamVatokan114,Rabenu_Bahayii,0.1706,2.356,-0.345,21
23,MeiratEinayim,UnKnownEskorial,0.1630,3.989,-0.347,36
18,DaatChachamVatokan107,IbnShuib,0.1754,2.356,-0.348,36
14,KeterShemTov,Ricanati_Zicaron_aharon_ed,0.1448,1.544,-0.353,66
20,KenegedAsaraMaamaritLondon847,Rabenu_Bahayii,0.1424,1.544,-0.354,66
4,IbnShuib,SaportaOxford1645,0.1724,2.356,-0.356,66
26_1,IbnShuib,Ricanati_Zicaron_aharon_ed,0.1895,2.791,-0.357,28
26_1,Ricanati_Zicaron_aharon_ed,UnKnownEskorial,0.1893,2.791,-0.359,28
26,KenegedAsaraMaamaritLondon847,KeterShemTov,0.2262,3.479,-0.360,66
4,KeterShemTovMS_L,SaportaOxford1645,0.1717,2.356,-0.364,66
30,DaatChachamVatokan107,Rabenu_Bahayii,0.2026,4.737,-0.364,45
7_1,KenegedAsaraMaamaritLondon847,UnKnownEskorial,0.2467,6.345,-0.364,45
8,IbnShuib,Rabenu_Bahayii,0.1458,1.544,-0.365,36
19_1,IbnShuib,Ricanati_Zicaron_aharon_ed,0.1987,4.737,-0.366,28
5,KeterShemTovMS_L,MeiratEinayim,0.1706,2.356,-0.366,78
27,Comment_a_shuib_Parma_68,Rabenu_Bahayii,0.1458,1.544,-0.367,55
24,DaatChachamVatokan114,Rabenu_Bahayii,0.1529,3.989,-0.370,66
29,Ricanati_Zicaron_aharon_ed,UnKnownVatikan214,0.2101,4.737,-0.372,28
14,SaportaOxford1645,UnKnownEskorial,0.1433,1.544,-0.372,66
31,Comment_a_shuib_Parma_68,DaatChachamVatokan107,0.1406,1.544,-0.374,36
12,Comment_a_shuib_Parma_68,Ricanati_Zicaron_aharon_ed,0.1248,0.381,-0.375,78
18,MeiratEinayim,Rabenu_Bahayii,0.1731,2.356,-0.376,36
6,Comment_a_shuib_Parma_68,SaportaOxford1645,0.0851,-1.463,-0.381,78
24,Comment_a_shuib_Parma_68,MeiratEinayim,0.1522,3.989,-0.382,66
20,KenegedAsaraMaamaritLondon847,KeterShemTov,0.1399,1.544,-0.383,66
25_2,DaatChachamVatokan214,MeiratEinayim,0.0988,-0.102,-0.385,28
1,DaatChachamVatokan107,KeterShemTovMS_L,0.1410,1.544,-0.386,45
30,DaatChachamVatokan114,KenegedAsaraMaamaritLondon847,0.2004,4.737,-0.389,45
30,IbnShuib,Ricanati_Zicaron_aharon_ed,0.2000,4.737,-0.393,45
23,DaatChachamVatokan214,MeiratEinayim,0.1546,3.989,-0.397,36
5,KenegedAsaraMaamaritLondon847,KeterShemTov,0.1683,2.356,-0.397,78
23,KeterShemTov,UnKnownEskorial,0.1545,3.989,-0.398,36
5,DaatChachamVatokan214,KeterShemTov,0.1679,2.356,-0.403,78
27,Rabenu_Bahayii,UnKnownEskorial,0.1427,1.544,-0.405,55
22,Comment_a_shuib_Parma_68,MeiratEinayim,0.1547,3.989,-0.407,36
21,Rabenu_Bahayii,UnKnownEskorial,0.2800,4.737,-0.410,36
7_1,DaatChachamVatokan114,Rabenu_Bahayii,0.2407,6.345,-0.413,45
24,Comment_a_shuib_Parma_68,UnKnownVatikan214,0.1497,3.989,-0.422,66
10,KeterShemTov,UnKnownEskorial,0.1754,2.356,-0.423,55
2,KenegedAsaraMaamaritLondon847,Rabenu_Bahayii,0.1854,2.791,-0.423,15
18,MeiratEinayim,UnKnownEskorial,0.1690,2.356,-0.425,36
14,IbnShuib,UnKnownEskorial,0.1389,1.544,-0.427,66
8,KenegedAsaraMaamaritLondon847,MeiratEinayim,0.1400,1.544,-0.427,36
24,KeterShemTov,Ricanati_Zicaron_aharon_ed,0.1493,3.989,-0.429,66
30,DaatChachamVatokan107,DaatChachamVatokan214,0.1968,2.791,-0.429,45
1,Rabenu_Bahayii,UnKnownEskorial,0.1353,1.544,-0.430,45
30_1,DaatChachamVatokan114,KeterShemTov,0.1051,-0.102,-0.430,28
23,MeiratEinayim,Rabenu_Bahayii,0.1481,1.544,-0.436,36
21,KenegedAsaraMaamaritLondon847,Ricanati_Zicaron_aharon_ed,0.2778,4.737,-0.437,36
24,KeterShemTov,UnKnownEskorial,0.1488,3.989,-0.437,66
24,KeterShemTov,UnKnownVatikan214,0.1488,3.989,-0.437,66
19_2,DaatChachamVatokan107,KeterShemTov,0.1852,2.791,-0.437,55
6,Comment_a_shuib_Parma_68,KenegedAsaraMaamaritLondon847,0.0806,-1.463,-0.438,78
11,KenegedAsaraMaamaritLondon847,Rabenu_Bahayii,0.1978,2.791,-0.438,45
29,IbnShuib,UnKnownEskorial,0.2053,4.737,-0.439,28
4,DaatChachamVatokan114,Rabenu_Bahayii,0.1651,2.356,-0.439,66
19_2,KenegedAsaraMaamaritLondon847,KeterShemTov,0.1848,2.791,-0.442,55
11,DaatChachamVatokan114,Ricanati_Zicaron_aharon_ed,0.1972,2.791,-0.444,45
13,MeiratEinayim,Ricanati_Zicaron_aharon_ed,0.2292,3.479,-0.445,45
29,KenegedAsaraMaamaritMinchen40,Rabenu_Bahayii,0.2046,4.737,-0.448,28
7_1,DaatChachamVatokan107,UnKnownEskorial,0.2354,6.345,-0.456,45
5,DaatChachamVatokan214,UnKnownEskorial,0.1635,2.356,-0.462,78
30,DaatChachamVatokan114,Ricanati_Zicaron_aharon_ed,0.1935,2.791,-0.466,45
22,DaatChachamVatokan107,UnKnownEskorial,0.1504,3.989,-0.469,36
25_2,DaatChachamVatokan214,Rabenu_Bahayii,0.0918,-0.102,-0.470,28
13,KeterShemTovMS_L,MeiratEinayim,0.2266,3.479,-0.471,45
6,KenegedAsaraMaamaritLondon847,MeiratEinayim,0.0777,-1.463,-0.474,78
26_1,MeiratEinayim,UnKnownEskorial,0.1724,2.356,-0.478,28
27,DaatChachamVatokan107,KenegedAsaraMaamaritParis868,0.1365,1.544,-0.479,55
22,DaatChachamVatokan107,DaatChachamVatokan214,0.1496,3.989,-0.480,36
22,DaatChachamVatokan214,Ricanati_Zicaron_aharon_ed,0.1496,3.989,-0.480,36
22,MeiratEinayim,Rabenu_Bahayii,0.1494,3.989,-0.483,36
10,KenegedAsaraMaamaritLondon847,KeterShemTov,0.1712,2.356,-0.484,55
11,DaatChachamVatokan114,MeiratEinayim,0.1930,2.791,-0.485,45
4,DaatChachamVatokan107,UnKnownEskorial,0.1607,3.989,-0.489,66
1,MeiratEinayim,Rabenu_Bahayii,0.1275,0.381,-0.490,45
5,DaatChachamVatokan114,MeiratEinayim,0.1614,3.989,-0.490,78
19_1,KenegedAsaraMaamaritLondon847,UnKnownEskorial,0.1877,2.791,-0.491,28
20,KeterShemTov,MeiratEinayim,0.1309,1.544,-0.491,66
12,Comment_a_shuib_Parma_68,MeiratEinayim,0.1114,0.381,-0.491,78
5,Rabenu_Bahayii,SaportaOxford1645,0.1611,3.989,-0.494,78
24,DaatChachamVatokan114,MeiratEinayim,0.1452,1.544,-0.495,66
5,DaatChachamVatokan114,Rabenu_Bahayii,0.1610,3.989,-0.496,78
22,DaatChachamVatokan107,IbnShuib,0.1484,3.989,-0.497,36
17,KeterShemTov,Rabenu_Bahayii,0.0940,-0.102,-0.498,55
22,Comment_a_shuib_Parma_68,Ricanati_Zicaron_aharon_ed,0.1481,1.544,-0.502,36
17,Rabenu_Bahayii,Ricanati_Zicaron_aharon_ed,0.0934,-0.102,-0.505,55
6,KenegedAsaraMaamaritLondon847,KeterShemTovMS_L,0.0752,-1.463,-0.506,78
20,KeterShemTov,Rabenu_Bahayii,0.1296,0.381,-0.506,66
26_1,KeterShemTov,MeiratEinayim,0.1682,2.356,-0.508,28
17,KenegedAsaraMaamaritLondon847,KeterShemTov,0.0930,-0.102,-0.509,55
5,KenegedAsaraMaamaritLondon847,Rabenu_Bahayii,0.1599,3.989,-0.510,78
10,MeiratEinayim,Rabenu_Bahayii,0.1693,2.356,-0.511,55
19_2,DaatChachamVatokan114,KeterShemTov,0.1793,2.356,-0.513,55
30_1,IbnShuib,Rabenu_Bahayii,0.0966,-0.102,-0.513,28
23,Comment_a_shuib_Parma_68,IbnShuib,0.1351,1.544,-0.514,36
30,DaatChachamVatokan114,DaatChachamVatokan214,0.1892,2.791,-0.514,45
11,KenegedAsaraMaamaritLondon847,UnKnownEskorial,0.1899,2.791,-0.516,45
32,DaatChachamVatokan107,MeiratEinayim,0.1558,3.989,-0.517,21
6,Comment_a_shuib_Parma_68,Rabenu_Bahayii,0.0742,-1.463,-0.518,78
12,Comment_a_shuib_Parma_68,UnKnownEskorial,0.1071,-0.102,-0.528,78
1,KeterShemTovMS_L,Likutim_bhml_1978,0.1222,0.381,-0.531,45
19_2,KenegedAsaraMaamaritLondon847,Ricanati_Zicaron_aharon_ed,0.1778,2.356,-0.532,55
11,KenegedAsaraMaamaritLondon847,Ricanati_Zicaron_aharon_ed,0.1881,2.791,-0.534,45
19_1,IbnShuib,KenegedAsaraMaamaritLondon847,0.1838,2.791,-0.535,28
5,MeiratEinayim,Rabenu_Bahayii,0.1576,3.989,-0.541,78
12,Comment_a_shuib_Parma_68,Rabenu_Bahayii,0.1055,-0.102,-0.542,78
15,Rabenu_Bahayii,SaportaOxford1645,0.1880,2.791,-0.545,36
6,DaatChachamVatokan107,SaportaOxford1645,0.0718,-2.187,-0.549,78
6,DaatChachamVatokan114,SaportaOxford1645,0.0718,-2.187,-0.549,78
27,KenegedAsaraMaamaritParis868,UnKnownVatikan214,0.1305,1.544,-0.552,55
22,IbnShuib,Ricanati_Zicaron_aharon_ed,0.1440,1.544,-0.560,36
22,DaatChachamVatokan107,MeiratEinayim,0.1438,1.544,-0.563,36
20,DaatChachamVatokan114,Ricanati_Zicaron_aharon_ed,0.1247,0.381,-0.565,66
31,KeterShemTov,MeiratEinayim,0.1201,0.381,-0.577,36
19_1,Ricanati_Zicaron_aharon_ed,UnKnownEskorial,0.1800,2.356,-0.578,28
31,KeterShemTov,UnKnownEskorial,0.1198,0.381,-0.580,36
20,Comment_a_shuib_Parma_68,Rabenu_Bahayii,0.1234,0.381,-0.580,66
17,DaatChachamVatokan114,IbnShuib,0.0866,-1.463,-0.581,55
16,Comment_a_shuib_Parma_68,Ricanati_Zicaron_aharon_ed,0.1620,3.989,-0.582,28
32,DaatChachamVatokan114,IbnShuib,0.1495,3.989,-0.590,21
5,DaatChachamVatokan214,Likutim_bhml_1978,0.1538,3.989,-0.592,78
5,DaatChachamVatokan107,Rabenu_Bahayii,0.1536,3.989,-0.595,78
17,MeiratEinayim,UnKnownEskorial,0.0853,-1.463,-0.595,55
21,KenegedAsaraMaamaritLondon847,KeterShemTov,0.2642,6.310,-0.599,36
21,DaatChachamVatokan214,MeiratEinayim,0.2638,6.310,-0.604,36
6,DaatChachamVatokan114,KenegedAsaraMaamaritLondon847,0.0672,-2.187,-0.607,78
19_2,IbnShuib,Ricanati_Zicaron_aharon_ed,0.1719,2.356,-0.608,55
31,IbnShuib,KeterShemTov,0.1165,0.381,-0.613,36
19_2,DaatChachamVatokan114,Ricanati_Zicaron_aharon_ed,0.1713,2.356,-0.615,55
13,DaatChachamVatokan114,KeterShemTovMS_L,0.2121,4.737,-0.616,45
27,Comment_a_shuib_Parma_68,KenegedAsaraMaamaritParis868,0.1251,0.381,-0.617,55
4,KeterShemTovMS_L,Rabenu_Bahayii,0.1494,3.989,-0.618,66
20,IbnShuib,מערכת האלוהות,0.1202,0.381,-0.618,66
19_2,KenegedAsaraMaamaritLondon847,Rabenu_Bahayii,0.1708,2.356,-0.622,55
26,MeiratEinayim,SaportaOxford1645,0.2069,4.737,-0.622,66
17,DaatChachamVatokan107,KenegedAsaraMaamaritLondon847,0.0828,-1.463,-0.623,55
9,KeterShemTov,MeiratEinayim,0.2833,4.737,-0.623,15
13,Rabenu_Bahayii,UnKnownEskorial,0.2110,4.737,-0.627,45
20,Ricanati_Zicaron_aharon_ed,מערכת האלוהות,0.1194,0.381,-0.628,66
1,KeterShemTovMS_L,SaportaOxford1645,0.1096,-0.102,-0.628,45
6,Comment_a_shuib_Parma_68,Likutim_bhml_1978,0.0651,-2.187,-0.633,78
26,Rabenu_Bahayii,Ricanati_Zicaron_aharon_ed,0.2060,4.737,-0.634,66
7_1,DaatChachamVatokan107,IbnShuib,0.2133,4.737,-0.635,45
7_1,DaatChachamVatokan107,KeterShemTov,0.2133,4.737,-0.635,45
25,Comment_a_shuib_Parma_68,DaatChachamVatokan107,0.0794,-1.463,-0.637,28
26,MeiratEinayim,Rabenu_Bahayii,0.2058,4.737,-0.637,66
14,IbnShuib,Rabenu_Bahayii,0.1219,0.381,-0.642,66
4,KenegedAsaraMaamaritLondon847,UnKnownEskorial,0.1468,1.544,-0.647,66
15,IbnShuib,KeterShemTov,0.1834,2.791,-0.648,36
12,DaatChachamVatokan214,MeiratEinayim,0.0933,-0.102,-0.648,78
18,IbnShuib,UnKnownEskorial,0.1503,3.989,-0.652,36
26,KenegedAsaraMaamaritLondon847,Rabenu_Bahayii,0.2046,4.737,-0.653,66
24,DaatChachamVatokan114,KenegedAsaraMaamaritLondon847,0.1352,1.544,-0.657,66
23,Comment_a_shuib_Parma_68,MeiratEinayim,0.1111,0.381,-0.657,36
19_1,DaatChachamVatokan114,Ricanati_Zicaron_aharon_ed,0.1729,2.356,-0.658,28
26_1,DaatChachamVatokan114,KeterShemTov,0.1467,1.544,-0.660,28
20,KeterShemTov,מערכת האלוהות,0.1167,0.381,-0.660,66
13,IbnShuib,Rabenu_Bahayii,0.2076,4.737,-0.661,45
16,KeterShemTovMS_L,Rabenu_Bahayii,0.1547,3.989,-0.666,28
12,IbnShuib,KeterShemTovMS_L,0.0911,-0.102,-0.667,78
5,KeterShemTovMS_L,Rabenu_Bahayii,0.1482,3.989,-0.668,78
10,KeterShemTov,Rabenu_Bahayii,0.1583,3.989,-0.670,55
26_1,Ricanati_Zicaron_aharon_ed,UnKnownVatikan214,0.1452,1.544,-0.670,28
6,DaatChachamVatokan107,KeterShemTov,0.0621,-2.187,-0.671,78
24,DaatChachamVatokan107,IbnShuib,0.1343,1.544,-0.671,66
19_1,KeterShemTov,UnKnownEskorial,0.1717,2.356,-0.672,28
1,KeterShemTov,Likutim_bhml_1978,0.1036,-0.102,-0.674,45
11,DaatChachamVatokan107,UnKnownEskorial,0.1738,2.356,-0.674,45
13,Ricanati_Zicaron_aharon_ed,UnKnownEskorial,0.2063,4.737,-0.674,45
17,KenegedAsaraMaamaritLondon847,UnKnownEskorial,0.0782,-1.463,-0.674,55
26_1,DaatChachamVatokan107,Ricanati_Zicaron_aharon_ed,0.1446,1.544,-0.674,28
26_1,DaatChachamVatokan114,Ricanati_Zicaron_aharon_ed,0.1446,1.544,-0.674,28
27,KenegedAsaraMaamaritParis868,Rabenu_Bahayii,0.1203,0.381,-0.674,55
3,Comment_a_shuib_Parma_68,MeiratEinayim,0.0000,-3.263,-0.674,10
3,IbnShuib,Rabenu_Bahayii,0.0000,-3.263,-0.674,10
3,MeiratEinayim,Rabenu_Bahayii,0.0000,-3.263,-0.674,10
30,DaatChachamVatokan107,UnKnownEskorial,0.1749,2.356,-0.674,45
32,DaatChachamVatokan107,KeterShemTov,0.1422,1.544,-0.674,21
9,IbnShuib,MeiratEinayim,0.2778,4.737,-0.674,15
26,DaatChachamVatokan107,KeterShemTov,0.2030,4.737,-0.675,66
25_2,MeiratEinayim,Ricanati_Zicaron_aharon_ed,0.0748,-1.463,-0.677,28
19_1,DaatChachamVatokan107,KenegedAsaraMaamaritLondon847,0.1712,2.356,-0.677,28
24,IbnShuib,KenegedAsaraMaamaritLondon847,0.1339,1.544,-0.678,66
27,Comment_a_shuib_Parma_68,KeterShemTov,0.1200,0.381,-0.678,55
23,Comment_a_shuib_Parma_68,KeterShemTov,0.1075,-0.102,-0.679,36
23,KeterShemTov,Rabenu_Bahayii,0.1075,-0.102,-0.679,36
7_1,DaatChachamVatokan107,Ricanati_Zicaron_aharon_ed,0.2077,4.737,-0.680,45
26_1,MeiratEinayim,UnKnownVatikan214,0.1436,1.544,-0.682,28
12,Comment_a_shuib_Parma_68,IbnShuib,0.0893,-1.463,-0.682,78
7_1,DaatChachamVatokan114,KeterShemTov,0.2074,4.737,-0.683,45
17,DaatChachamVatokan107,Ricanati_Zicaron_aharon_ed,0.0774,-1.463,-0.683,55
6,DaatChachamVatokan107,Rabenu_Bahayii,0.0608,-2.187,-0.687,78
23,IbnShuib,MeiratEinayim,0.1060,-0.102,-0.688,36
25_2,IbnShuib,MeiratEinayim,0.0735,-1.463,-0.693,28
9,MeiratEinayim,Rabenu_Bahayii,0.2758,4.737,-0.693,15
7_1,DaatChachamVatokan114,Ricanati_Zicaron_aharon_ed,0.2056,4.737,-0.697,45
18,DaatChachamVatokan107,UnKnownEskorial,0.1465,1.544,-0.697,36
21,KenegedAsaraMaamaritLondon847,SaportaOxford1645,0.2559,6.310,-0.698,36
20,Comment_a_shuib_Parma_68,DaatChachamVatokan107,0.1132,0.381,-0.702,66
6,DaatChachamVatokan107,Likutim_bhml_1978,0.0595,-2.187,-0.703,78
1,DaatChachamVatokan114,KeterShemTov,0.0990,-0.102,-0.710,45
1,KeterShemTov,UnKnownEskorial,0.0990,-0.102,-0.710,45
20,Rabenu_Bahayii,UnKnownVatikan214,0.1125,0.381,-0.710,66
15,KeterShemTov,UnKnownEskorial,0.1806,2.356,-0.710,36
25,KenegedAsaraMaamaritLondon847,KeterShemTov,0.0731,-1.463,-0.712,28
24,KenegedAsaraMaamaritLondon847,UnKnownEskorial,0.1317,1.544,-0.713,66
19_2,Comment_a_shuib_Parma_68,MeiratEinayim,0.1636,2.356,-0.714,55
6,DaatChachamVatokan114,Likutim_bhml_1978,0.0584,-2.187,-0.717,78
30_1,Rabenu_Bahayii,UnKnownEskorial,0.0757,-1.463,-0.718,28
4,DaatChachamVatokan114,SaportaOxford1645,0.1405,1.544,-0.719,66
17,DaatChachamVatokan114,MeiratEinayim,0.0738,-1.463,-0.724,55
19_1,DaatChachamVatokan107,KeterShemTov,0.1667,2.356,-0.728,28
19_1,KenegedAsaraMaamaritLondon847,KeterShemTov,0.1667,2.356,-0.728,28
11,KeterShemTovMS_L,Rabenu_Bahayii,0.1680,2.356,-0.732,45
5,KeterShemTov,Likutim_bhml_1978,0.1434,1.544,-0.732,78
30_1,KeterShemTov,UnKnownEskorial,0.0742,-1.463,-0.733,28
25_2,KeterShemTov,MeiratEinayim,0.0702,-2.187,-0.733,28
12,DaatChachamVatokan214,KeterShemTov,0.0832,-1.463,-0.735,78
8,KeterShemTov,Likutim_bhml_1978,0.1099,-0.102,-0.749,36
8,KeterShemTovMS_L,Likutim_bhml_1978,0.1099,-0.102,-0.749,36
30,DaatChachamVatokan114,UnKnownEskorial,0.1682,2.356,-0.750,45
7_1,DaatChachamVatokan114,KeterShemTovMS_L,0.1991,4.737,-0.750,45
6,KenegedAsaraMaamaritLondon847,Rabenu_Bahayii,0.0557,-2.635,-0.751,78
23,Comment_a_shuib_Parma_68,Ricanati_Zicaron_aharon_ed,0.0940,-0.102,-0.759,36
26_1,MeiratEinayim,Ricanati_Zicaron_aharon_ed,0.1324,1.544,-0.761,28
19_1,KenegedAsaraMaamaritLondon847,Ricanati_Zicaron_aharon_ed,0.1636,2.356,-0.763,28
25,Comment_a_shuib_Parma_68,MeiratEinayim,0.0687,-2.187,-0.764,28
11,KeterShemTov,Rabenu_Bahayii,0.1646,2.356,-0.765,45
2,KeterShemTovMS_L,MeiratEinayim,0.1750,2.356,-0.767,15
23,Comment_a_shuib_Parma_68,KenegedAsaraMaamaritLondon847,0.0913,-0.102,-0.776,36
15,KeterShemTovMS_L,SaportaOxford1645,0.1776,2.356,-0.777,36
12,Comment_a_shuib_Parma_68,DaatChachamVatokan107,0.0774,-1.463,-0.785,78
4,Likutim_bhml_1978,SaportaOxford1645,0.1343,1.544,-0.789,66
32,DaatChachamVatokan114,MeiratEinayim,0.1322,1.544,-0.790,21
29,KeterShemTov,Rabenu_Bahayii,0.1801,2.356,-0.791,28
29,Rabenu_Bahayii,Ricanati_Zicaron_aharon_ed,0.1801,2.356,-0.791,28
12,DaatChachamVatokan214,KenegedAsaraMaamaritLondon847,0.0767,-1.463,-0.791,78
5,DaatChachamVatokan107,SaportaOxford1645,0.1389,1.544,-0.793,78
5,DaatChachamVatokan214,SaportaOxford1645,0.1389,1.544,-0.793,78
6,Comment_a_shuib_Parma_68,DaatChachamVatokan114,0.0521,-2.635,-0.797,78
31,Comment_a_shuib_Parma_68,DaatChachamVatokan114,0.0979,-0.102,-0.797,36
24,KenegedAsaraMaamaritLondon847,UnKnownVatikan214,0.1265,0.381,-0.797,66
4,IbnShuib,KenegedAsaraMaamaritLondon847,0.1333,1.544,-0.801,66
26_1,KeterShemTov,Ricanati_Zicaron_aharon_ed,0.1255,0.381,-0.809,28
12,Comment_a_shuib_Parma_68,DaatChachamVatokan114,0.0742,-1.463,-0.813,78
14,KenegedAsaraMaamaritLondon847,Rabenu_Bahayii,0.1082,-0.102,-0.815,66
23,Comment_a_shuib_Parma_68,DaatChachamVatokan214,0.0838,-1.463,-0.820,36
18,KeterShemTov,MeiratEinayim,0.1361,1.544,-0.823,36
25,DaatChachamVatokan107,KeterShemTov,0.0630,-2.187,-0.832,28
14,DaatChachamVatokan214,UnKnownEskorial,0.1067,-0.102,-0.833,66
27,DaatChachamVatokan114,UnKnownVatikan214,0.1069,-0.102,-0.836,55
22,Comment_a_shuib_Parma_68,DaatChachamVatokan214,0.1247,0.381,-0.836,36
23,Comment_a_shuib_Parma_68,UnKnownEskorial,0.0810,-1.463,-0.837,36
1,IbnShuib,Rabenu_Bahayii,0.0823,-1.463,-0.839,45
27,Comment_a_shuib_Parma_68,UnKnownVatikan214,0.1066,-0.102,-0.840,55
10,DaatChachamVatokan114,KenegedAsaraMaamaritLondon847,0.1465,1.544,-0.841,55
4,Rabenu_Bahayii,SaportaOxford1645,0.1295,0.381,-0.844,66
26_1,KeterShemTov,UnKnownVatikan214,0.1204,0.381,-0.845,28
17,Ricanati_Zicaron_aharon_ed,UnKnownEskorial,0.0624,-2.187,-0.851,55
17,KenegedAsaraMaamaritLondon847,Rabenu_Bahayii,0.0619,-2.187,-0.857,55
13,KeterShemTovMS_L,Rabenu_Bahayii,0.1881,2.791,-0.857,45
27,DaatChachamVatokan114,KenegedAsaraMaamaritParis868,0.1051,-0.102,-0.858,55
10,IbnShuib,UnKnownEskorial,0.1451,1.544,-0.861,55
7_1,Rabenu_Bahayii,UnKnownEskorial,0.1850,2.791,-0.864,45
6,KenegedAsaraMaamaritLondon847,Likutim_bhml_1978,0.0466,-2.635,-0.866,78
7_2,DaatChachamVatokan114,KeterShemTovMS_L,0.2242,3.479,-0.867,15
22,Comment_a_shuib_Parma_68,IbnShuib,0.1225,0.381,-0.867,36
19_2,DaatChachamVatokan107,UnKnownVatikan214,0.1515,3.989,-0.870,55
4,SaportaOxford1645,UnKnownEskorial,0.1270,0.381,-0.872,66
20,UnKnownEskorial,מערכת האלוהות,0.0988,-0.102,-0.874,66
8,KeterShemTov,Rabenu_Bahayii,0.0980,-0.102,-0.877,36
30_1,DaatChachamVatokan107,MeiratEinayim,0.0591,-2.187,-0.881,28
32,DaatChachamVatokan107,Ricanati_Zicaron_aharon_ed,0.1243,0.381,-0.882,21
7_1,DaatChachamVatokan107,Rabenu_Bahayii,0.1827,2.791,-0.883,45
1,Rabenu_Bahayii,SaportaOxford1645,0.0758,-1.463,-0.889,45
12,Comment_a_shuib_Parma_68,DaatChachamVatokan214,0.0651,-2.187,-0.892,78
6,DaatChachamVatokan107,UnKnownEskorial,0.0445,-2.635,-0.892,78
25_2,KeterShemTov,Rabenu_Bahayii,0.0565,-2.187,-0.900,28
7_1,DaatChachamVatokan114,KenegedAsaraMaamaritLondon847,0.1806,2.356,-0.900,45
7_1,DaatChachamVatokan114,SaportaOxford1645,0.1806,2.356,-0.900,45
12,IbnShuib,KeterShemTov,0.0639,-2.187,-0.902,78
12,KenegedAsaraMaamaritLondon847,UnKnownEskorial,0.0633,-2.187,-0.907,78
4,Likutim_bhml_1978,Rabenu_Bahayii,0.1238,0.381,-0.909,66
16,KenegedAsaraMaamaritLondon847,KeterShemTov,0.1336,1.544,-0.910,28
12,KeterShemTovMS_L,UnKnownEskorial,0.0627,-2.187,-0.913,78
11,DaatChachamVatokan114,KeterShemTov,0.1496,3.989,-0.913,45
32,DaatChachamVatokan114,KeterShemTov,0.1214,0.381,-0.916,21
22,Comment_a_shuib_Parma_68,UnKnownEskorial,0.1190,0.381,-0.917,36
1,DaatChachamVatokan107,UnKnownEskorial,0.0720,-1.463,-0.919,45
16,KenegedAsaraMaamaritLondon847,KeterShemTovMS_L,0.1326,1.544,-0.921,28
8,IbnShuib,KeterShemTov,0.0932,-0.102,-0.928,36
8,IbnShuib,KeterShemTovMS_L,0.0932,-0.102,-0.928,36
4,KeterShemTovMS_L,Likutim_bhml_1978,0.1213,0.381,-0.937,66
30_1,DaatChachamVatokan114,Rabenu_Bahayii,0.0533,-2.635,-0.938,28
20,KenegedAsaraMaamaritLondon847,מערכת האלוהות,0.0933,-0.102,-0.939,66
14,DaatChachamVatokan214,Rabenu_Bahayii,0.0979,-0.102,-0.945,66
5,DaatChachamVatokan114,KeterShemTovMS_L,0.1276,0.381,-0.945,78
20,Comment_a_shuib_Parma_68,DaatChachamVatokan114,0.0926,-0.102,-0.948,66
5,DaatChachamVatokan114,DaatChachamVatokan214,0.1268,0.381,-0.956,78
12,KenegedAsaraMaamaritLondon847,KeterShemTov,0.0576,-2.187,-0.957,78
8,DaatChachamVatokan107,KeterShemTov,0.0899,-1.463,-0.964,36
8,DaatChachamVatokan107,KeterShemTovMS_L,0.0899,-1.463,-0.964,36
30,DaatChachamVatokan214,KeterShemTov,0.1482,3.989,-0.974,45
12,KeterShemTovMS_L,Rabenu_Bahayii,0.0556,-2.635,-0.974,78
5,DaatChachamVatokan107,UnKnownEskorial,0.1254,0.381,-0.974,78
19_2,DaatChachamVatokan107,UnKnownEskorial,0.1432,1.544,-0.976,55
1,KeterShemTov,SaportaOxford1645,0.0635,-2.187,-0.984,45
14,DaatChachamVatokan107,KeterShemTov,0.0945,-0.102,-0.987,66
1,DaatChachamVatokan107,Rabenu_Bahayii,0.0629,-2.187,-0.989,45
23,Comment_a_shuib_Parma_68,Rabenu_Bahayii,0.0556,-2.635,-0.989,36
27,Comment_a_shuib_Parma_68,UnKnownEskorial,0.0941,-0.102,-0.990,55
12,KeterShemTov,Rabenu_Bahayii,0.0536,-2.635,-0.991,78
9,KenegedAsaraMaamaritLondon847,KeterShemTov,0.2436,6.345,-0.993,15
32,DaatChachamVatokan107,Rabenu_Bahayii,0.1145,0.381,-0.996,21
11,DaatChachamVatokan107,Rabenu_Bahayii,0.1407,1.544,-1.000,45
25_2,KenegedAsaraMaamaritLondon847,Rabenu_Bahayii,0.0482,-2.635,-1.000,28
6,Comment_a_shuib_Parma_68,Ricanati_Zicaron_aharon_ed,0.0356,-4.034,-1.004,78
8,KeterShemTovMS_L,Rabenu_Bahayii,0.0861,-1.463,-1.004,36
17,Rabenu_Bahayii,UnKnownEskorial,0.0483,-2.635,-1.008,55
19_1,DaatChachamVatokan107,Ricanati_Zicaron_aharon_ed,0.1415,1.544,-1.013,28
5,KenegedAsaraMaamaritLondon847,UnKnownEskorial,0.1218,0.381,-1.023,78
6,DaatChachamVatokan107,KenegedAsaraMaamaritLondon847,0.0336,-4.034,-1.029,78
12,Comment_a_shuib_Parma_68,KeterShemTovMS_L,0.0492,-2.635,-1.029,78
25_2,IbnShuib,Rabenu_Bahayii,0.0455,-2.635,-1.033,28
15,MeiratEinayim,Rabenu_Bahayii,0.1659,2.356,-1.039,36
30,IbnShuib,KeterShemTov,0.1423,1.544,-1.040,45
12,Comment_a_shuib_Parma_68,KeterShemTov,0.0479,-2.635,-1.041,78
10,DaatChachamVatokan107,UnKnownEskorial,0.1326,1.544,-1.041,55
10,IbnShuib,Rabenu_Bahayii,0.1326,1.544,-1.041,55
20,Comment_a_shuib_Parma_68,UnKnownEskorial,0.0838,-1.463,-1.053,66
1,Likutim_bhml_1978,Rabenu_Bahayii,0.0546,-2.635,-1.053,45
5,KenegedAsaraMaamaritLondon847,KeterShemTovMS_L,0.1190,0.381,-1.060,78
5,KeterShemTovMS_L,SaportaOxford1645,0.1190,0.381,-1.060,78
10,DaatChachamVatokan107,KenegedAsaraMaamaritLondon847,0.1309,1.544,-1.066,55
11,DaatChachamVatokan114,UnKnownEskorial,0.1339,1.544,-1.067,45
12,DaatChachamVatokan214,KeterShemTovMS_L,0.0448,-2.635,-1.068,78
31,Comment_a_shuib_Parma_68,Rabenu_Bahayii,0.0700,-2.187,-1.073,36
6,IbnShuib,KenegedAsaraMaamaritLondon847,0.0301,-4.034,-1.073,78
12,DaatChachamVatokan214,Rabenu_Bahayii,0.0437,-2.635,-1.077,78
10,DaatChachamVatokan107,KeterShemTov,0.1298,1.544,-1.082,55
21,KeterShemTov,MeiratEinayim,0.2238,3.479,-1.082,36
12,Likutim_bhml_1978,Rabenu_Bahayii,0.0421,-2.635,-1.091,78
20,DaatChachamVatokan114,KeterShemTov,0.0804,-1.463,-1.093,66
1,KeterShemTovMS_L,Rabenu_Bahayii,0.0491,-2.635,-1.096,45
19_2,Rabenu_Bahayii,Ricanati_Zicaron_aharon_ed,0.1339,1.544,-1.096,55
7_1,DaatChachamVatokan107,KeterShemTovMS_L,0.1562,3.989,-1.097,45
4,KenegedAsaraMaamaritLondon847,Ricanati_Zicaron_aharon_ed,0.1056,-0.102,-1.116,66
10,Comment_a_shuib_Parma_68,DaatChachamVatokan114,0.1270,0.381,-1.122,55
2,IbnShuib,KenegedAsaraMaamaritLondon847,0.1640,2.356,-1.131,15
10,DaatChachamVatokan114,KeterShemTovMS_L,0.1262,0.381,-1.134,55
26,MeiratEinayim,Ricanati_Zicaron_aharon_ed,0.1689,2.356,-1.138,66
14,DaatChachamVatokan214,MeiratEinayim,0.0823,-1.463,-1.141,66
22,DaatChachamVatokan107,Rabenu_Bahayii,0.1033,-0.102,-1.142,36
20,DaatChachamVatokan114,Rabenu_Bahayii,0.0759,-1.463,-1.147,66
6,KenegedAsaraMaamaritLondon847,SaportaOxford1645,0.0240,-4.034,-1.150,78
5,DaatChachamVatokan114,Ricanati_Zicaron_aharon_ed,0.1123,0.381,-1.151,78
15,MeiratEinayim,Ricanati_Zicaron_aharon_ed,0.1609,3.989,-1.151,36
4,DaatChachamVatokan114,UnKnownEskorial,0.1024,-0.102,-1.152,66
18,DaatChachamVatokan114,KeterShemTov,0.1080,-0.102,-1.163,36
27,DaatChachamVatokan107,UnKnownVatikan214,0.0788,-1.463,-1.174,55
1,DaatChachamVatokan107,KeterShemTov,0.0387,-4.034,-1.176,45
14,DaatChachamVatokan114,KeterShemTov,0.0792,-1.463,-1.181,66
25_2,KenegedAsaraMaamaritLondon847,KeterShemTov,0.0333,-4.034,-1.182,28
11,DaatChachamVatokan114,KenegedAsaraMaamaritLondon847,0.1222,0.381,-1.183,45
20,UnKnownVatikan214,מערכת האלוהות,0.0722,-1.463,-1.191,66
5,KeterShemTov,UnKnownEskorial,0.1084,-0.102,-1.203,78
13,KeterShemTov,Rabenu_Bahayii,0.1536,3.989,-1.203,45
27,Comment_a_shuib_Parma_68,DaatChachamVatokan107,0.0761,-1.463,-1.207,55
24,DaatChachamVatokan107,KeterShemTov,0.1011,-0.102,-1.208,66
14,KeterShemTov,MeiratEinayim,0.0770,-1.463,-1.208,66
27,DaatChachamVatokan107,UnKnownEskorial,0.0759,-1.463,-1.209,55
9,KenegedAsaraMaamaritLondon847,KeterShemTovMS_L,0.2198,3.479,-1.215,15
11,DaatChachamVatokan114,Rabenu_Bahayii,0.1177,0.381,-1.227,45
29,MeiratEinayim,Rabenu_Bahayii,0.1489,3.989,-1.228,28
27,DaatChachamVatokan114,UnKnownEskorial,0.0742,-1.463,-1.230,55
18,DaatChachamVatokan107,Ricanati_Zicaron_aharon_ed,0.1021,-0.102,-1.234,36
10,DaatChachamVatokan114,KeterShemTov,0.1182,0.381,-1.249,55
1,KeterShemTov,Rabenu_Bahayii,0.0285,-4.034,-1.255,45
7_2,KenegedAsaraMaamaritLondon847,KeterShemTov,0.1954,2.791,-1.262,15
20,Comment_a_shuib_Parma_68,KeterShemTov,0.0662,-2.187,-1.263,66
8,DaatChachamVatokan114,KenegedAsaraMaamaritLondon847,0.0619,-2.187,-1.263,36
13,DaatChachamVatokan107,Rabenu_Bahayii,0.1467,1.544,-1.273,45
14,DaatChachamVatokan214,KenegedAsaraMaamaritLondon847,0.0718,-2.187,-1.274,66
13,DaatChachamVatokan114,Ricanati_Zicaron_aharon_ed,0.1465,1.544,-1.275,45
5,DaatChachamVatokan114,KeterShemTov,0.1029,-0.102,-1.277,78
15,IbnShuib,Rabenu_Bahayii,0.1547,3.989,-1.290,36
18,DaatChachamVatokan107,KenegedAsaraMaamaritLondon847,0.0955,-0.102,-1.314,36
18,DaatChachamVatokan114,KenegedAsaraMaamaritLondon847,0.0955,-0.102,-1.314,36
10,DaatChachamVatokan107,IbnShuib,0.1136,0.381,-1.316,55
26,DaatChachamVatokan107,Rabenu_Bahayii,0.1557,3.989,-1.318,66
26,DaatChachamVatokan114,KeterShemTov,0.1557,3.989,-1.318,66
5,KeterShemTovMS_L,Ricanati_Zicaron_aharon_ed,0.0998,-0.102,-1.319,78
5,KeterShemTovMS_L,UnKnownEskorial,0.0989,-0.102,-1.331,78
20,Comment_a_shuib_Parma_68,UnKnownVatikan214,0.0602,-2.187,-1.334,66
5,DaatChachamVatokan114,UnKnownEskorial,0.0985,-0.102,-1.336,78
5,DaatChachamVatokan107,KeterShemTov,0.0984,-0.102,-1.338,78
4,KenegedAsaraMaamaritLondon847,KeterShemTovMS_L,0.0850,-1.463,-1.350,66
21,IbnShuib,KenegedAsaraMaamaritLondon847,0.2013,4.737,-1.351,36
10,DaatChachamVatokan114,IbnShuib,0.1110,0.381,-1.353,55
13,DaatChachamVatokan114,UnKnownEskorial,0.1385,1.544,-1.355,45
24,KenegedAsaraMaamaritLondon847,MeiratEinayim,0.0920,-0.102,-1.355,66
7_1,DaatChachamVatokan107,SaportaOxford1645,0.1233,0.381,-1.364,45
7_1,SaportaOxford1645,UnKnownEskorial,0.1233,0.381,-1.364,45
7_1,DaatChachamVatokan107,KenegedAsaraMaamaritLondon847,0.1218,0.381,-1.376,45
18,KeterShemTov,UnKnownEskorial,0.0903,-1.463,-1.377,36
24,Comment_a_shuib_Parma_68,UnKnownEskorial,0.0906,-1.463,-1.378,66
30,Ricanati_Zicaron_aharon_ed,UnKnownEskorial,0.1121,0.381,-1.378,45
21,DaatChachamVatokan214,SaportaOxford1645,0.1989,4.737,-1.380,36
19_2,Comment_a_shuib_Parma_68,DaatChachamVatokan114,0.1116,0.381,-1.382,55
30,DaatChachamVatokan107,KeterShemTov,0.1114,0.381,-1.386,45
7_2,DaatChachamVatokan114,KeterShemTov,0.1861,2.791,-1.390,15
4,Likutim_bhml_1978,Ricanati_Zicaron_aharon_ed,0.0813,-1.463,-1.392,66
19_2,Comment_a_shuib_Parma_68,IbnShuib,0.1104,0.381,-1.398,55
24,DaatChachamVatokan114,KeterShemTov,0.0886,-1.463,-1.410,66
9,KeterShemTovMS_L,Rabenu_Bahayii,0.1984,2.791,-1.414,15
26,KeterShemTov,MeiratEinayim,0.1482,3.989,-1.420,66
14,KenegedAsaraMaamaritLondon847,KeterShemTovMS_L,0.0602,-2.187,-1.420,66
14,KenegedAsaraMaamaritLondon847,KeterShemTov,0.0595,-2.187,-1.429,66
5,DaatChachamVatokan107,KeterShemTovMS_L,0.0913,-0.102,-1.433,78
19_2,Comment_a_shuib_Parma_68,DaatChachamVatokan107,0.1076,-0.102,-1.434,55
30,KeterShemTov,Rabenu_Bahayii,0.1060,-0.102,-1.446,45
6,Comment_a_shuib_Parma_68,DaatChachamVatokan107,0.0000,-3.263,-1.452,78
6,Comment_a_shuib_Parma_68,IbnShuib,0.0000,-3.263,-1.452,78
6,Comment_a_shuib_Parma_68,KeterShemTov,0.0000,-3.263,-1.452,78
6,Comment_a_shuib_Parma_68,KeterShemTovMS_L,0.0000,-3.263,-1.452,78
6,DaatChachamVatokan114,Rabenu_Bahayii,0.0000,-3.263,-1.452,78
19_2,Comment_a_shuib_Parma_68,KenegedAsaraMaamaritLondon847,0.1060,-0.102,-1.454,55
21,KenegedAsaraMaamaritLondon847,Rabenu_Bahayii,0.1926,2.791,-1.455,36
12,Comment_a_shuib_Parma_68,KenegedAsaraMaamaritLondon847,0.0000,-3.263,-1.455,78
12,Comment_a_shuib_Parma_68,Likutim_bhml_1978,0.0000,-3.263,-1.455,78
12,KenegedAsaraMaamaritLondon847,Rabenu_Bahayii,0.0000,-3.263,-1.455,78
19_2,Comment_a_shuib_Parma_68,Rabenu_Bahayii,0.1058,-0.102,-1.457,55
19_1,MeiratEinayim,Ricanati_Zicaron_aharon_ed,0.1022,-0.102,-1.458,28
30_1,DaatChachamVatokan107,KeterShemTov,0.0000,-3.263,-1.460,28
30_1,DaatChachamVatokan107,Rabenu_Bahayii,0.0000,-3.263,-1.460,28
30,DaatChachamVatokan114,KeterShemTov,0.1045,-0.102,-1.463,45
24,KeterShemTov,Rabenu_Bahayii,0.0853,-1.463,-1.464,66
14,KenegedAsaraMaamaritLondon847,Ricanati_Zicaron_aharon_ed,0.0566,-2.187,-1.466,66
29,MeiratEinayim,UnKnownEskorial,0.1317,1.544,-1.469,28
29,MeiratEinayim,UnKnownVatikan214,0.1317,1.544,-1.469,28
10,DaatChachamVatokan107,KeterShemTovMS_L,0.1029,-0.102,-1.470,55
19_2,KeterShemTov,Rabenu_Bahayii,0.1040,-0.102,-1.480,55
14,DaatChachamVatokan214,KeterShemTovMS_L,0.0551,-2.635,-1.485,66
29,Rabenu_Bahayii,UnKnownVatikan214,0.1299,1.544,-1.494,28
19_2,Comment_a_shuib_Parma_68,UnKnownEskorial,0.1015,-0.102,-1.512,55
30,DaatChachamVatokan107,Ricanati_Zicaron_aharon_ed,0.1001,-0.102,-1.513,45
27,Comment_a_shuib_Parma_68,DaatChachamVatokan114,0.0498,-2.635,-1.524,55
4,KeterShemTov,Likutim_bhml_1978,0.0697,-2.187,-1.524,66
31,Comment_a_shuib_Parma_68,KeterShemTov,0.0244,-4.034,-1.525,36
20,Comment_a_shuib_Parma_68,מערכת האלוהות,0.0442,-2.635,-1.525,66
20,DaatChachamVatokan107,מערכת האלוהות,0.0435,-2.635,-1.533,66
14,DaatChachamVatokan214,KeterShemTov,0.0512,-2.635,-1.534,66
17,Comment_a_shuib_Parma_68,DaatChachamVatokan107,0.0000,-3.263,-1.548,55
17,Comment_a_shuib_Parma_68,DaatChachamVatokan114,0.0000,-3.263,-1.548,55
17,Comment_a_shuib_Parma_68,Rabenu_Bahayii,0.0000,-3.263,-1.548,55
17,Comment_a_shuib_Parma_68,UnKnownEskorial,0.0000,-3.263,-1.548,55
17,DaatChachamVatokan107,IbnShuib,0.0000,-3.263,-1.548,55
17,DaatChachamVatokan107,KeterShemTovMS_L,0.0000,-3.263,-1.548,55
17,DaatChachamVatokan107,UnKnownEskorial,0.0000,-3.263,-1.548,55
17,DaatChachamVatokan114,KenegedAsaraMaamaritLondon847,0.0000,-3.263,-1.548,55
17,DaatChachamVatokan114,UnKnownEskorial,0.0000,-3.263,-1.548,55
25,Comment_a_shuib_Parma_68,DaatChachamVatokan114,0.0000,-3.263,-1.582,28
25,Comment_a_shuib_Parma_68,KenegedAsaraMaamaritLondon847,0.0000,-3.263,-1.582,28
25,Comment_a_shuib_Parma_68,SaportaOxford1645,0.0000,-3.263,-1.582,28
15,KenegedAsaraMaamaritLondon847,Ricanati_Zicaron_aharon_ed,0.1416,1.544,-1.583,36
25_2,MeiratEinayim,Rabenu_Bahayii,0.0000,-3.263,-1.587,28
30,DaatChachamVatokan214,Ricanati_Zicaron_aharon_ed,0.0925,-0.102,-1.598,45
19_2,Comment_a_shuib_Parma_68,Ricanati_Zicaron_aharon_ed,0.0940,-0.102,-1.608,55
18,IbnShuib,KeterShemTov,0.0710,-2.187,-1.610,36
16,Comment_a_shuib_Parma_68,KeterShemTov,0.0711,-2.187,-1.630,28
16,Comment_a_shuib_Parma_68,KeterShemTovMS_L,0.0701,-2.187,-1.642,28
16,Comment_a_shuib_Parma_68,IbnShuib,0.0693,-2.187,-1.651,28
4,Rabenu_Bahayii,Ricanati_Zicaron_aharon_ed,0.0579,-2.187,-1.658,66
24,DaatChachamVatokan107,KenegedAsaraMaamaritLondon847,0.0726,-1.463,-1.669,66
4,KeterShemTov,UnKnownEskorial,0.0563,-2.635,-1.677,66
19_2,Comment_a_shuib_Parma_68,KeterShemTov,0.0882,-1.463,-1.683,55
19_2,KeterShemTov,UnKnownEskorial,0.0825,-1.463,-1.756,55
19_2,KeterShemTov,UnKnownVatikan214,0.0825,-1.463,-1.756,55
4,KeterShemTovMS_L,UnKnownEskorial,0.0491,-2.635,-1.758,66
31,Comment_a_shuib_Parma_68,Ricanati_Zicaron_aharon_ed,0.0000,-3.263,-1.766,36
31,KeterShemTov,Ricanati_Zicaron_aharon_ed,0.0000,-3.263,-1.766,36
18,DaatChachamVatokan107,Rabenu_Bahayii,0.0571,-2.187,-1.778,36
15,KenegedAsaraMaamaritLondon847,Rabenu_Bahayii,0.1327,1.544,-1.782,36
26,Comment_a_shuib_Parma_2704,Ricanati_Zicaron_aharon_ed,0.1186,0.381,-1.822,66
30,Rabenu_Bahayii,Ricanati_Zicaron_aharon_ed,0.0718,-2.187,-1.830,45
21,DaatChachamVatokan214,Rabenu_Bahayii,0.1600,3.989,-1.845,36
18,DaatChachamVatokan114,IbnShuib,0.0501,-2.635,-1.863,36
13,MeiratEinayim,Rabenu_Bahayii,0.0870,-1.463,-1.872,45
19_1,KeterShemTov,Ricanati_Zicaron_aharon_ed,0.0645,-2.187,-1.884,28
26,Comment_a_shuib_Parma_2704,UnKnownVatikan214,0.1134,0.381,-1.892,66
18,DaatChachamVatokan114,Ricanati_Zicaron_aharon_ed,0.0473,-2.635,-1.897,36
8,DaatChachamVatokan114,KeterShemTov,0.0000,-3.263,-1.926,36
8,DaatChachamVatokan114,KeterShemTovMS_L,0.0000,-3.263,-1.926,36
5,DaatChachamVatokan214,KeterShemTovMS_L,0.0536,-2.635,-1.940,78
19_2,Comment_a_shuib_Parma_68,UnKnownVatikan214,0.0677,-2.187,-1.946,55
7_2,KenegedAsaraMaamaritLondon847,KeterShemTovMS_L,0.1438,1.544,-1.971,15
24,Comment_a_shuib_Parma_68,KeterShemTov,0.0525,-2.635,-1.994,66
15,IbnShuib,Ricanati_Zicaron_aharon_ed,0.1230,0.381,-1.999,36
26,Comment_a_shuib_Parma_2704,UnKnownEskorial,0.1037,-0.102,-2.024,66
21,Rabenu_Bahayii,Ricanati_Zicaron_aharon_ed,0.1433,1.544,-2.045,36
2,IbnShuib,MeiratEinayim,0.1362,1.544,-2.050,15
20,DaatChachamVatokan114,מערכת האלוהות,0.0000,-3.263,-2.052,66
26,KeterShemTov,Rabenu_Bahayii,0.1016,-0.102,-2.053,66
24,Comment_a_shuib_Parma_68,Rabenu_Bahayii,0.0463,-2.635,-2.095,66
21,MeiratEinayim,Rabenu_Bahayii,0.1391,1.544,-2.095,36
26,Comment_a_shuib_Parma_2704,DaatChachamVatokan107,0.0974,-0.102,-2.110,66
10,Comment_a_shuib_Parma_68,DaatChachamVatokan107,0.0585,-2.187,-2.112,55
24,KenegedAsaraMaamaritLondon847,KeterShemTov,0.0448,-2.635,-2.119,66
26,DaatChachamVatokan114,Rabenu_Bahayii,0.0952,-0.102,-2.140,66
14,DaatChachamVatokan107,DaatChachamVatokan214,0.0000,-3.263,-2.180,66
14,DaatChachamVatokan114,DaatChachamVatokan214,0.0000,-3.263,-2.180,66
14,DaatChachamVatokan214,IbnShuib,0.0000,-3.263,-2.180,66
14,DaatChachamVatokan214,SaportaOxford1645,0.0000,-3.263,-2.180,66
13,DaatChachamVatokan114,Rabenu_Bahayii,0.0563,-2.635,-2.180,45
21,Rabenu_Bahayii,SaportaOxford1645,0.1309,1.544,-2.193,36
15,KenegedAsaraMaamaritLondon847,SaportaOxford1645,0.1123,0.381,-2.238,36
15,Ricanati_Zicaron_aharon_ed,UnKnownEskorial,0.1116,0.381,-2.254,36
24,Comment_a_shuib_Parma_68,KenegedAsaraMaamaritLondon847,0.0361,-4.034,-2.260,66
21,IbnShuib,Rabenu_Bahayii,0.1252,0.381,-2.261,36
4,DaatChachamVatokan107,Ricanati_Zicaron_aharon_ed,0.0000,-3.263,-2.317,66
4,KenegedAsaraMaamaritLondon847,Likutim_bhml_1978,0.0000,-3.263,-2.317,66
21,KeterShemTov,Rabenu_Bahayii,0.1200,0.381,-2.324,36
26,Comment_a_shuib_Parma_2704,KeterShemTov,0.0804,-1.463,-2.341,66
16,IbnShuib,KenegedAsaraMaamaritLondon847,0.0000,-3.263,-2.450,28
16,KenegedAsaraMaamaritLondon847,Ricanati_Zicaron_aharon_ed,0.0000,-3.263,-2.450,28
18,DaatChachamVatokan114,Rabenu_Bahayii,0.0000,-3.263,-2.468,36
18,KeterShemTov,Rabenu_Bahayii,0.0000,-3.263,-2.468,36
26,Comment_a_shuib_Parma_2704,DaatChachamVatokan114,0.0661,-2.187,-2.535,66
22,DaatChachamVatokan107,Ricanati_Zicaron_aharon_ed,0.0000,-3.263,-2.618,36
26,Comment_a_shuib_Parma_2704,SaportaOxford1645,0.0581,-2.187,-2.644,66
26,Comment_a_shuib_Parma_2704,IbnShuib,0.0539,-2.635,-2.701,66
24,Comment_a_shuib_Parma_68,Comment_b_note_of_unknown,0.0000,-3.263,-2.844,66
24,Comment_b_note_of_unknown,Ricanati_Zicaron_aharon_ed,0.0000,-3.263,-2.844,66
26,Comment_a_shuib_Parma_2704,Rabenu_Bahayii,0.0401,-4.034,-2.888,66
26,Comment_a_shuib_Parma_2704,KenegedAsaraMaamaritLondon847,0.0306,-4.034,-3.017,66
26,Comment_a_shuib_Parma_2704,MeiratEinayim,0.0271,-4.034,-3.065,66
2,MeiratEinayim,Rabenu_Bahayii,0.0882,-1.463,-3.637,15
2,KenegedAsaraMaamaritLondon847,MeiratEinayim,0.0483,-2.635,-4.956,15
