section,a,b,locus_overlap,reading_agreement,n_shared_concepts,n_comparable_claims
1,DaatChachamVatokan107,DaatChachamVatokan114,0.4286,0.2667,15,15
1,DaatChachamVatokan107,IbnShuib,0.0879,0.25,8,4
1,DaatChachamVatokan107,KeterShemTov,0.0227,,1,0
1,DaatChachamVatokan107,KeterShemTovMS_L,0.0851,,4,0
1,DaatChachamVatokan107,Likutim_bhml_1978,0.1795,0.0,7,4
1,DaatChachamVatokan107,MeiratEinayim,0.1067,0.0,8,5
1,DaatChachamVatokan107,RAMBAN,0.0435,,2,0
1,DaatChachamVatokan107,Rabenu_Bahayii,0.0328,,2,0
1,DaatChachamVatokan107,SaportaOxford1645,0.2195,0.0,9,7
1,DaatChachamVatokan107,UnKnownEskorial,0.0652,0.0,3,1
1,DaatChachamVatokan114,IbnShuib,0.1031,0.0,10,6
1,DaatChachamVatokan114,KeterShemTov,0.0392,,2,0
1,DaatChachamVatokan114,KeterShemTovMS_L,0.0926,,5,0
1,DaatChachamVatokan114,Likutim_bhml_1978,0.1489,0.0,7,5
1,DaatChachamVatokan114,MeiratEinayim,0.1519,0.0,12,14
1,DaatChachamVatokan114,RAMBAN,0.037,0.0,2,1
1,DaatChachamVatokan114,Rabenu_Bahayii,0.0923,0.0,6,2
1,DaatChachamVatokan114,SaportaOxford1645,0.234,0.0,11,12
1,DaatChachamVatokan114,UnKnownEskorial,0.0962,0.0,5,2
1,IbnShuib,KeterShemTov,0.1087,0.0,10,5
1,IbnShuib,KeterShemTovMS_L,0.08,0.0,8,1
1,IbnShuib,Likutim_bhml_1978,0.1075,0.0,10,7
1,IbnShuib,MeiratEinayim,0.1765,0.0,21,21
1,IbnShuib,RAMBAN,0.05,,5,0
1,IbnShuib,Rabenu_Bahayii,0.0256,0.0,3,1
1,IbnShuib,SaportaOxford1645,0.1383,0.0,13,7
1,IbnShuib,UnKnownEskorial,0.0495,,5,0
1,KeterShemTov,KeterShemTovMS_L,0.2857,0.25,12,4
1,KeterShemTov,Likutim_bhml_1978,0.0208,,1,0
1,KeterShemTov,MeiratEinayim,0.1316,0.0,10,6
1,KeterShemTov,RAMBAN,0.02,,1,0
1,KeterShemTov,Rabenu_Bahayii,0.0154,,1,0
1,KeterShemTov,SaportaOxford1645,0.06,,3,0
1,KeterShemTov,UnKnownEskorial,0.0612,0.0,3,1
1,KeterShemTovMS_L,Likutim_bhml_1978,0.0377,,2,0
1,KeterShemTovMS_L,MeiratEinayim,0.122,0.0,10,5
1,KeterShemTovMS_L,RAMBAN,0.0364,0.0,2,1
1,KeterShemTovMS_L,Rabenu_Bahayii,0.0286,,2,0
1,KeterShemTovMS_L,SaportaOxford1645,0.0536,,3,0
1,KeterShemTovMS_L,UnKnownEskorial,0.0545,0.0,3,1
1,Likutim_bhml_1978,MeiratEinayim,0.1447,0.0,11,14
1,Likutim_bhml_1978,RAMBAN,0.0196,,1,0
1,Likutim_bhml_1978,Rabenu_Bahayii,0.0,,0,0
1,Likutim_bhml_1978,SaportaOxford1645,0.2273,0.0,10,11
1,Likutim_bhml_1978,UnKnownEskorial,0.0816,,4,0
1,MeiratEinayim,RAMBAN,0.0471,0.0,4,3
1,MeiratEinayim,Rabenu_Bahayii,0.0612,,6,0
1,MeiratEinayim,SaportaOxford1645,0.2466,0.0714,18,28
1,MeiratEinayim,UnKnownEskorial,0.0976,0.0,8,3
1,RAMBAN,Rabenu_Bahayii,0.0455,,3,0
1,RAMBAN,SaportaOxford1645,0.037,,2,0
1,RAMBAN,UnKnownEskorial,0.0,,0,0
1,Rabenu_Bahayii,SaportaOxford1645,0.029,,2,0
1,Rabenu_Bahayii,UnKnownEskorial,0.0606,,4,0
1,SaportaOxford1645,UnKnownEskorial,0.0962,,5,0
10,Comment_a_shuib_Parma_68,DaatChachamVatokan107,0.0588,,2,0
10,Comment_a_shuib_Parma_68,DaatChachamVatokan114,0.0,,0,0
10,Comment_a_shuib_Parma_68,IbnShuib,0.1333,0.125,8,8
10,Comment_a_shuib_Parma_68,KenegedAsaraMaamaritLondon847,0.15,0.5,3,2
10,Comment_a_shuib_Parma_68,KeterShemTov,0.0833,0.0,4,5
10,Comment_a_shuib_Parma_68,KeterShemTovMS_L,0.1053,0.3333,4,3
10,Comment_a_shuib_Parma_68,MeiratEinayim,0.0851,0.0769,8,13
10,Comment_a_shuib_Parma_68,RAMBAN,0.2174,0.1429,5,7
10,Comment_a_shuib_Parma_68,Rabenu_Bahayii,0.0617,0.0,5,3
10,Comment_a_shuib_Parma_68,Ricanati_Zicaron_aharon_ed,0.0714,0.3333,4,3
10,Comment_a_shuib_Parma_68,UnKnownEskorial,0.1053,0.0,4,3
10,DaatChachamVatokan107,DaatChachamVatokan114,0.3448,0.4545,10,11
10,DaatChachamVatokan107,IbnShuib,0.0541,0.0,4,2
10,DaatChachamVatokan107,KenegedAsaraMaamaritLondon847,0.0645,0.0,2,1
10,DaatChachamVatokan107,KeterShemTov,0.0508,0.0,3,1
10,DaatChachamVatokan107,KeterShemTovMS_L,0.0612,,3,0
10,DaatChachamVatokan107,MeiratEinayim,0.098,0.0526,10,19
10,DaatChachamVatokan107,RAMBAN,0.0556,,2,0
10,DaatChachamVatokan107,Rabenu_Bahayii,0.0787,0.0,7,3
10,DaatChachamVatokan107,Ricanati_Zicaron_aharon_ed,0.0769,0.0,5,3
10,DaatChachamVatokan107,UnKnownEskorial,0.0196,,1,0
10,DaatChachamVatokan114,IbnShuib,0.029,0.0,2,1
10,DaatChachamVatokan114,KenegedAsaraMaamaritLondon847,0.04,,1,0
10,DaatChachamVatokan114,KeterShemTov,0.0185,,1,0
10,DaatChachamVatokan114,KeterShemTovMS_L,0.0227,,1,0
10,DaatChachamVatokan114,MeiratEinayim,0.0606,0.1111,6,9
10,DaatChachamVatokan114,RAMBAN,0.0333,,1,0
10,DaatChachamVatokan114,Rabenu_Bahayii,0.0723,0.0,6,3
10,DaatChachamVatokan114,Ricanati_Zicaron_aharon_ed,0.0862,0.0,5,3
10,DaatChachamVatokan114,UnKnownEskorial,0.0714,0.0,3,1
10,IbnShuib,KenegedAsaraMaamaritLondon847,0.0656,0.3333,4,3
10,IbnShuib,KeterShemTov,0.1463,0.0,12,14
10,IbnShuib,KeterShemTovMS_L,0.0909,0.3333,7,3
10,IbnShuib,MeiratEinayim,0.1163,0.0625,15,16
10,IbnShuib,RAMBAN,0.1111,0.4167,7,12
10,IbnShuib,Rabenu_Bahayii,0.0579,0.0,7,12
10,IbnShuib,Ricanati_Zicaron_aharon_ed,0.0968,0.2,9,5
10,IbnShuib,UnKnownEskorial,0.0633,0.0,5,2
10,KenegedAsaraMaamaritLondon847,KeterShemTov,0.0889,0.0,4,4
10,KenegedAsaraMaamaritLondon847,KeterShemTovMS_L,0.1143,0.3333,4,3
10,KenegedAsaraMaamaritLondon847,MeiratEinayim,0.0761,0.2857,7,7
10,KenegedAsaraMaamaritLondon847,RAMBAN,0.1905,0.2,4,5
10,KenegedAsaraMaamaritLondon847,Rabenu_Bahayii,0.0641,0.0,5,9
10,KenegedAsaraMaamaritLondon847,Ricanati_Zicaron_aharon_ed,0.0962,0.25,5,4
10,KenegedAsaraMaamaritLondon847,UnKnownEskorial,0.0833,0.0,3,3
10,KeterShemTov,KeterShemTovMS_L,0.36,0.2273,18,22
10,KeterShemTov,MeiratEinayim,0.1034,0.1875,12,16
10,KeterShemTov,RAMBAN,0.08,0.25,4,8
10,KeterShemTov,Rabenu_Bahayii,0.0566,0.2,6,5
10,KeterShemTov,Ricanati_Zicaron_aharon_ed,0.1026,0.2,8,10
10,KeterShemTov,UnKnownEskorial,0.0625,0.0,4,4
10,KeterShemTovMS_L,MeiratEinayim,0.0826,0.2222,9,9
10,KeterShemTovMS_L,RAMBAN,0.1,0.2857,4,7
10,KeterShemTovMS_L,Rabenu_Bahayii,0.0851,0.0,8,4
10,KeterShemTovMS_L,Ricanati_Zicaron_aharon_ed,0.1176,0.125,8,8
10,KeterShemTovMS_L,UnKnownEskorial,0.0545,0.0,3,3
10,MeiratEinayim,RAMBAN,0.0833,0.3077,8,13
10,MeiratEinayim,Rabenu_Bahayii,0.08,0.0,12,10
10,MeiratEinayim,Ricanati_Zicaron_aharon_ed,0.1148,0.0667,14,15
10,MeiratEinayim,UnKnownEskorial,0.1456,0.0588,15,17
10,RAMBAN,Rabenu_Bahayii,0.0732,0.0,6,9
10,RAMBAN,Ricanati_Zicaron_aharon_ed,0.0877,0.1429,5,7
10,RAMBAN,UnKnownEskorial,0.2571,0.0833,9,12
10,Rabenu_Bahayii,Ricanati_Zicaron_aharon_ed,0.1215,0.0556,13,18
10,Rabenu_Bahayii,UnKnownEskorial,0.0737,0.0,7,1
10,Ricanati_Zicaron_aharon_ed,UnKnownEskorial,0.1014,0.2727,7,11
11,DaatChachamVatokan107,DaatChachamVatokan114,0.4103,0.0909,16,22
11,DaatChachamVatokan107,IbnShuib,0.1324,0.4286,9,7
11,DaatChachamVatokan107,KenegedAsaraMaamaritLondon847,0.0476,0.0,2,1
11,DaatChachamVatokan107,KeterShemTov,0.1818,0.0,10,7
11,DaatChachamVatokan107,KeterShemTovMS_L,0.1458,0.25,7,4
11,DaatChachamVatokan107,MeiratEinayim,0.1056,0.2308,15,13
11,DaatChachamVatokan107,RAMBAN,0.1064,1.0,5,1
11,DaatChachamVatokan107,Rabenu_Bahayii,0.0511,0.0,7,8
11,DaatChachamVatokan107,Ricanati_Zicaron_aharon_ed,0.1538,0.5,8,4
11,DaatChachamVatokan107,UnKnownEskorial,0.0741,0.0,4,2
11,DaatChachamVatokan114,IbnShuib,0.1429,0.0,8,8
11,DaatChachamVatokan114,KenegedAsaraMaamaritLondon847,0.0,,0,0
11,DaatChachamVatokan114,KeterShemTov,0.0833,0.25,4,4
11,DaatChachamVatokan114,KeterShemTovMS_L,0.1053,0.0,4,4
11,DaatChachamVatokan114,MeiratEinayim,0.0588,0.0909,8,11
11,DaatChachamVatokan114,RAMBAN,0.1143,0.0,4,4
11,DaatChachamVatokan114,Rabenu_Bahayii,0.0315,0.0,4,2
11,DaatChachamVatokan114,Ricanati_Zicaron_aharon_ed,0.1463,0.1429,6,7
11,DaatChachamVatokan114,UnKnownEskorial,0.0714,0.0,3,2
11,IbnShuib,KenegedAsaraMaamaritLondon847,0.0392,,2,0
11,IbnShuib,KeterShemTov,0.1045,0.0,7,6
11,IbnShuib,KeterShemTovMS_L,0.1034,0.0,6,4
11,IbnShuib,MeiratEinayim,0.1293,0.2632,19,19
11,IbnShuib,RAMBAN,0.1731,0.2308,9,13
11,IbnShuib,Rabenu_Bahayii,0.0929,0.0909,13,11
11,IbnShuib,Ricanati_Zicaron_aharon_ed,0.1311,0.25,8,4
11,IbnShuib,UnKnownEskorial,0.1552,0.1538,9,13
11,KenegedAsaraMaamaritLondon847,KeterShemTov,0.1081,0.0,4,3
11,KenegedAsaraMaamaritLondon847,KeterShemTovMS_L,0.1923,0.0,5,4
11,KenegedAsaraMaamaritLondon847,MeiratEinayim,0.0472,0.0,6,7
11,KenegedAsaraMaamaritLondon847,RAMBAN,0.0769,,2,0
11,KenegedAsaraMaamaritLondon847,Rabenu_Bahayii,0.0256,,3,0
11,KenegedAsaraMaamaritLondon847,Ricanati_Zicaron_aharon_ed,0.0588,,2,0
11,KenegedAsaraMaamaritLondon847,UnKnownEskorial,0.0968,,3,0
11,KeterShemTov,KeterShemTovMS_L,0.3333,0.1667,13,12
11,KeterShemTov,MeiratEinayim,0.1159,0.0,16,17
11,KeterShemTov,RAMBAN,0.1395,0.0,6,7
11,KeterShemTov,Rabenu_Bahayii,0.0682,0.0,9,8
11,KeterShemTov,Ricanati_Zicaron_aharon_ed,0.2667,0.0714,12,14
11,KeterShemTov,UnKnownEskorial,0.1224,0.0,6,1
11,KeterShemTovMS_L,MeiratEinayim,0.0827,0.0,11,9
11,KeterShemTovMS_L,RAMBAN,0.2188,0.125,7,8
11,KeterShemTovMS_L,Rabenu_Bahayii,0.0397,0.3333,5,3
11,KeterShemTovMS_L,Ricanati_Zicaron_aharon_ed,0.2368,0.25,9,4
11,KeterShemTovMS_L,UnKnownEskorial,0.1538,0.0,6,3
11,MeiratEinayim,RAMBAN,0.0522,0.0,7,5
11,MeiratEinayim,Rabenu_Bahayii,0.1202,0.1481,25,27
11,MeiratEinayim,Ricanati_Zicaron_aharon_ed,0.1037,0.0,14,15
11,MeiratEinayim,UnKnownEskorial,0.0576,0.0,8,2
11,RAMBAN,Rabenu_Bahayii,0.0579,0.0,7,4
11,RAMBAN,Ricanati_Zicaron_aharon_ed,0.1579,0.3333,6,3
11,RAMBAN,UnKnownEskorial,0.3125,0.1818,10,11
11,Rabenu_Bahayii,Ricanati_Zicaron_aharon_ed,0.0968,0.0,12,7
11,Rabenu_Bahayii,UnKnownEskorial,0.072,0.0,9,5
11,Ricanati_Zicaron_aharon_ed,UnKnownEskorial,0.1111,0.0,5,2
12,Comment_a_shuib_Parma_68,DaatChachamVatokan107,0.0,,0,0
12,Comment_a_shuib_Parma_68,DaatChachamVatokan114,0.0,,0,0
12,Comment_a_shuib_Parma_68,DaatChachamVatokan214,0.0,,0,0
12,Comment_a_shuib_Parma_68,IbnShuib,0.0172,,1,0
12,Comment_a_shuib_Parma_68,KenegedAsaraMaamaritLondon847,0.0,,0,0
12,Comment_a_shuib_Parma_68,KeterShemTov,0.0208,0.0,1,1
12,Comment_a_shuib_Parma_68,KeterShemTovMS_L,0.0227,0.0,1,1
12,Comment_a_shuib_Parma_68,Likutim_bhml_1978,0.0,,0,0
12,Comment_a_shuib_Parma_68,MeiratEinayim,0.0556,,2,0
12,Comment_a_shuib_Parma_68,RAMBAN,0.0,,0,0
12,Comment_a_shuib_Parma_68,Rabenu_Bahayii,0.0476,,2,0
12,Comment_a_shuib_Parma_68,Ricanati_Zicaron_aharon_ed,0.0127,,1,0
12,Comment_a_shuib_Parma_68,UnKnownEskorial,0.027,,1,0
12,DaatChachamVatokan107,DaatChachamVatokan114,0.5833,0.3333,7,3
12,DaatChachamVatokan107,DaatChachamVatokan214,0.0435,0.0,1,1
12,DaatChachamVatokan107,IbnShuib,0.0377,,2,0
12,DaatChachamVatokan107,KenegedAsaraMaamaritLondon847,0.0588,,1,0
12,DaatChachamVatokan107,KeterShemTov,0.0227,,1,0
12,DaatChachamVatokan107,KeterShemTovMS_L,0.0789,0.0,3,1
12,DaatChachamVatokan107,Likutim_bhml_1978,0.0952,,2,0
12,DaatChachamVatokan107,MeiratEinayim,0.1724,1.0,5,1
12,DaatChachamVatokan107,RAMBAN,0.087,,2,0
12,DaatChachamVatokan107,Rabenu_Bahayii,0.0526,0.0,2,1
12,DaatChachamVatokan107,Ricanati_Zicaron_aharon_ed,0.0411,,3,0
12,DaatChachamVatokan107,UnKnownEskorial,0.0625,0.0,2,1
12,DaatChachamVatokan114,DaatChachamVatokan214,0.0417,0.0,1,1
12,DaatChachamVatokan114,IbnShuib,0.037,,2,0
12,DaatChachamVatokan114,KenegedAsaraMaamaritLondon847,0.0556,,1,0
12,DaatChachamVatokan114,KeterShemTov,0.0222,,1,0
12,DaatChachamVatokan114,KeterShemTovMS_L,0.0769,0.0,3,1
12,DaatChachamVatokan114,Likutim_bhml_1978,0.0909,,2,0
12,DaatChachamVatokan114,MeiratEinayim,0.129,1.0,4,1
12,DaatChachamVatokan114,RAMBAN,0.0833,,2,0
12,DaatChachamVatokan114,Rabenu_Bahayii,0.0513,0.0,2,1
12,DaatChachamVatokan114,Ricanati_Zicaron_aharon_ed,0.0405,,3,0
12,DaatChachamVatokan114,UnKnownEskorial,0.0606,0.0,2,1
12,DaatChachamVatokan214,IbnShuib,0.0893,0.0,5,3
12,DaatChachamVatokan214,KenegedAsaraMaamaritLondon847,0.0435,,1,0
12,DaatChachamVatokan214,KeterShemTov,0.0,,0,0
12,DaatChachamVatokan214,KeterShemTovMS_L,0.0,,0,0
12,DaatChachamVatokan214,Likutim_bhml_1978,0.0357,,1,0
12,DaatChachamVatokan214,MeiratEinayim,0.0256,,1,0
12,DaatChachamVatokan214,RAMBAN,0.1481,0.0,4,3
12,DaatChachamVatokan214,Rabenu_Bahayii,0.0222,,1,0
12,DaatChachamVatokan214,Ricanati_Zicaron_aharon_ed,0.025,,2,0
12,DaatChachamVatokan214,UnKnownEskorial,0.0526,,2,0
12,IbnShuib,KenegedAsaraMaamaritLondon847,0.0577,0.0,3,1
12,IbnShuib,KeterShemTov,0.038,,3,0
12,IbnShuib,KeterShemTovMS_L,0.04,,3,0
12,IbnShuib,Likutim_bhml_1978,0.1321,0.0,7,3
12,IbnShuib,MeiratEinayim,0.0441,,3,0
12,IbnShuib,RAMBAN,0.1481,0.2,8,5
12,IbnShuib,Rabenu_Bahayii,0.1159,0.0,8,3
12,IbnShuib,Ricanati_Zicaron_aharon_ed,0.13,0.1,13,10
12,IbnShuib,UnKnownEskorial,0.1094,0.0,7,3
12,KenegedAsaraMaamaritLondon847,KeterShemTov,0.0,,0,0
12,KenegedAsaraMaamaritLondon847,KeterShemTovMS_L,0.025,,1,0
12,KenegedAsaraMaamaritLondon847,Likutim_bhml_1978,0.0952,,2,0
12,KenegedAsaraMaamaritLondon847,MeiratEinayim,0.0625,,2,0
12,KenegedAsaraMaamaritLondon847,RAMBAN,0.0417,,1,0
12,KenegedAsaraMaamaritLondon847,Rabenu_Bahayii,0.0,,0,0
12,KenegedAsaraMaamaritLondon847,Ricanati_Zicaron_aharon_ed,0.0411,,3,0
12,KenegedAsaraMaamaritLondon847,UnKnownEskorial,0.0,,0,0
12,KeterShemTov,KeterShemTovMS_L,0.3333,0.2143,17,14
12,KeterShemTov,Likutim_bhml_1978,0.0638,0.0,3,1
12,KeterShemTov,MeiratEinayim,0.0702,0.25,4,4
12,KeterShemTov,RAMBAN,0.0612,0.0,3,2
12,KeterShemTov,Rabenu_Bahayii,0.0308,0.0,2,1
12,KeterShemTov,Ricanati_Zicaron_aharon_ed,0.0842,0.2857,8,7
12,KeterShemTov,UnKnownEskorial,0.0702,,4,0
12,KeterShemTovMS_L,Likutim_bhml_1978,0.0698,,3,0
12,KeterShemTovMS_L,MeiratEinayim,0.0962,0.3333,5,3
12,KeterShemTovMS_L,RAMBAN,0.0213,,1,0
12,KeterShemTovMS_L,Rabenu_Bahayii,0.0161,,1,0
12,KeterShemTovMS_L,Ricanati_Zicaron_aharon_ed,0.0645,0.0,6,3
12,KeterShemTovMS_L,UnKnownEskorial,0.0179,,1,0
12,Likutim_bhml_1978,MeiratEinayim,0.0833,,3,0
12,Likutim_bhml_1978,RAMBAN,0.0714,0.0,2,2
12,Likutim_bhml_1978,Rabenu_Bahayii,0.0227,,1,0
12,Likutim_bhml_1978,Ricanati_Zicaron_aharon_ed,0.0125,,1,0
12,Likutim_bhml_1978,UnKnownEskorial,0.0833,0.0,3,1
12,MeiratEinayim,RAMBAN,0.0789,0.0,3,3
12,MeiratEinayim,Rabenu_Bahayii,0.0769,0.0,4,3
12,MeiratEinayim,Ricanati_Zicaron_aharon_ed,0.0337,,3,0
12,MeiratEinayim,UnKnownEskorial,0.0417,0.0,2,1
12,RAMBAN,Rabenu_Bahayii,0.0682,0.0,3,1
12,RAMBAN,Ricanati_Zicaron_aharon_ed,0.0122,,1,0
12,RAMBAN,UnKnownEskorial,0.1389,0.2,5,5
12,Rabenu_Bahayii,Ricanati_Zicaron_aharon_ed,0.1395,0.4545,12,11
12,Rabenu_Bahayii,UnKnownEskorial,0.1429,0.3333,7,3
12,Ricanati_Zicaron_aharon_ed,UnKnownEskorial,0.0698,0.0,6,3
13,DaatChachamVatokan107,DaatChachamVatokan114,0.0625,,1,0
13,DaatChachamVatokan107,IbnShuib,0.0526,,2,0
13,DaatChachamVatokan107,KenegedAsaraMaamaritLondon847,0.2222,0.3333,4,3
13,DaatChachamVatokan107,KeterShemTov,0.0517,0.0,3,2
13,DaatChachamVatokan107,KeterShemTovMS_L,0.0702,0.0,4,2
13,DaatChachamVatokan107,MeiratEinayim,0.102,0.0,5,11
13,DaatChachamVatokan107,RAMBAN,0.0303,,1,0
13,DaatChachamVatokan107,Rabenu_Bahayii,0.0476,,2,0
13,DaatChachamVatokan107,Ricanati_Zicaron_aharon_ed,0.0476,,1,0
13,DaatChachamVatokan107,UnKnownEskorial,0.087,0.0,2,1
13,DaatChachamVatokan114,IbnShuib,0.075,,3,0
13,DaatChachamVatokan114,KenegedAsaraMaamaritLondon847,0.1364,0.0,3,3
13,DaatChachamVatokan114,KeterShemTov,0.0667,0.0,4,2
13,DaatChachamVatokan114,KeterShemTovMS_L,0.0492,0.0,3,3
13,DaatChachamVatokan114,MeiratEinayim,0.14,0.0,7,10
13,DaatChachamVatokan114,RAMBAN,0.0882,,3,0
13,DaatChachamVatokan114,Rabenu_Bahayii,0.0,,0,0
13,DaatChachamVatokan114,Ricanati_Zicaron_aharon_ed,0.087,0.0,2,1
13,DaatChachamVatokan114,UnKnownEskorial,0.0769,,2,0
13,IbnShuib,KenegedAsaraMaamaritLondon847,0.1707,0.0,7,4
13,IbnShuib,KeterShemTov,0.1757,0.0,13,12
13,IbnShuib,KeterShemTovMS_L,0.2254,0.1,16,20
13,IbnShuib,MeiratEinayim,0.1765,0.1667,12,6
13,IbnShuib,RAMBAN,0.3043,0.0833,14,12
13,IbnShuib,Rabenu_Bahayii,0.0769,1.0,5,1
13,IbnShuib,Ricanati_Zicaron_aharon_ed,0.1707,0.125,7,8
13,IbnShuib,UnKnownEskorial,0.2143,0.0,9,8
13,KenegedAsaraMaamaritLondon847,KeterShemTov,0.1129,0.2,7,5
13,KenegedAsaraMaamaritLondon847,KeterShemTovMS_L,0.1311,0.2857,8,7
13,KenegedAsaraMaamaritLondon847,MeiratEinayim,0.24,0.0417,12,24
13,KenegedAsaraMaamaritLondon847,RAMBAN,0.1667,0.0,6,6
13,KenegedAsaraMaamaritLondon847,Rabenu_Bahayii,0.1064,0.0,5,2
13,KenegedAsaraMaamaritLondon847,Ricanati_Zicaron_aharon_ed,0.2,0.0,5,2
13,KenegedAsaraMaamaritLondon847,UnKnownEskorial,0.2692,0.0,7,9
13,KeterShemTov,KeterShemTovMS_L,0.3846,0.1818,30,33
13,KeterShemTov,MeiratEinayim,0.1609,0.0,14,13
13,KeterShemTov,RAMBAN,0.125,0.0,9,4
13,KeterShemTov,Rabenu_Bahayii,0.0706,0.0,6,1
13,KeterShemTov,Ricanati_Zicaron_aharon_ed,0.1311,0.0,8,5
13,KeterShemTov,UnKnownEskorial,0.0909,0.0,6,6
13,KeterShemTovMS_L,MeiratEinayim,0.1744,0.0714,15,14
13,KeterShemTovMS_L,RAMBAN,0.1408,0.0,10,2
13,KeterShemTovMS_L,Rabenu_Bahayii,0.0833,0.0,7,2
13,KeterShemTovMS_L,Ricanati_Zicaron_aharon_ed,0.1311,0.0,8,8
13,KeterShemTovMS_L,UnKnownEskorial,0.125,0.0,8,8
13,MeiratEinayim,RAMBAN,0.1385,0.5,9,4
13,MeiratEinayim,Rabenu_Bahayii,0.0633,0.0,5,1
13,MeiratEinayim,Ricanati_Zicaron_aharon_ed,0.0877,,5,0
13,MeiratEinayim,UnKnownEskorial,0.1404,0.1429,8,7
13,RAMBAN,Rabenu_Bahayii,0.0847,0.0,5,6
13,RAMBAN,Ricanati_Zicaron_aharon_ed,0.1053,0.0,4,2
13,RAMBAN,UnKnownEskorial,0.2162,0.1,8,10
13,Rabenu_Bahayii,Ricanati_Zicaron_aharon_ed,0.0833,0.5,4,2
13,Rabenu_Bahayii,UnKnownEskorial,0.0784,0.25,4,4
13,Ricanati_Zicaron_aharon_ed,UnKnownEskorial,0.1,0.0,3,1
14,DaatChachamVatokan107,DaatChachamVatokan114,0.4583,0.1667,11,6
14,DaatChachamVatokan107,DaatChachamVatokan214,0.0,,0,0
14,DaatChachamVatokan107,IbnShuib,0.1,,3,0
14,DaatChachamVatokan107,KenegedAsaraMaamaritLondon847,0.2609,0.0,6,6
14,DaatChachamVatokan107,KeterShemTov,0.05,,2,0
14,DaatChachamVatokan107,KeterShemTovMS_L,0.0571,0.0,2,1
14,DaatChachamVatokan107,MeiratEinayim,0.0735,0.0,5,2
14,DaatChachamVatokan107,RAMBAN,0.0476,,1,0
14,DaatChachamVatokan107,Rabenu_Bahayii,0.1389,,5,0
14,DaatChachamVatokan107,Ricanati_Zicaron_aharon_ed,0.0755,0.5,4,2
14,DaatChachamVatokan107,SaportaOxford1645,0.1034,,3,0
14,DaatChachamVatokan107,UnKnownEskorial,0.0833,,3,0
14,DaatChachamVatokan114,DaatChachamVatokan214,0.0,,0,0
14,DaatChachamVatokan114,IbnShuib,0.0909,0.0,3,2
14,DaatChachamVatokan114,KenegedAsaraMaamaritLondon847,0.28,0.0,7,8
14,DaatChachamVatokan114,KeterShemTov,0.0227,,1,0
14,DaatChachamVatokan114,KeterShemTovMS_L,0.0256,,1,0
14,DaatChachamVatokan114,MeiratEinayim,0.0411,0.0,3,1
14,DaatChachamVatokan114,RAMBAN,0.087,0.0,2,1
14,DaatChachamVatokan114,Rabenu_Bahayii,0.1282,,5,0
14,DaatChachamVatokan114,Ricanati_Zicaron_aharon_ed,0.0714,1.0,4,1
14,DaatChachamVatokan114,SaportaOxford1645,0.0938,1.0,3,1
14,DaatChachamVatokan114,UnKnownEskorial,0.05,,2,0
14,DaatChachamVatokan214,IbnShuib,0.0,,0,0
14,DaatChachamVatokan214,KenegedAsaraMaamaritLondon847,0.0,,0,0
14,DaatChachamVatokan214,KeterShemTov,0.0256,,1,0
14,DaatChachamVatokan214,KeterShemTovMS_L,0.0294,,1,0
14,DaatChachamVatokan214,MeiratEinayim,0.0143,,1,0
14,DaatChachamVatokan214,RAMBAN,0.0,,0,0
14,DaatChachamVatokan214,Rabenu_Bahayii,0.0541,0.0,2,1
14,DaatChachamVatokan214,Ricanati_Zicaron_aharon_ed,0.0784,0.5,4,2
14,DaatChachamVatokan214,SaportaOxford1645,0.0,,0,0
14,DaatChachamVatokan214,UnKnownEskorial,0.0571,,2,0
14,IbnShuib,KenegedAsaraMaamaritLondon847,0.1538,0.5,4,2
14,IbnShuib,KeterShemTov,0.1622,1.0,6,1
14,IbnShuib,KeterShemTovMS_L,0.1515,1.0,5,1
14,IbnShuib,MeiratEinayim,0.0882,0.0,6,5
14,IbnShuib,RAMBAN,0.2105,0.2,4,5
14,IbnShuib,Rabenu_Bahayii,0.0769,0.0,3,3
14,IbnShuib,Ricanati_Zicaron_aharon_ed,0.0741,0.0,4,1
14,IbnShuib,SaportaOxford1645,0.1379,0.0,4,2
14,IbnShuib,UnKnownEskorial,0.0811,0.0,3,2
14,KenegedAsaraMaamaritLondon847,KeterShemTov,0.0541,,2,0
14,KenegedAsaraMaamaritLondon847,KeterShemTovMS_L,0.0625,,2,0
14,KenegedAsaraMaamaritLondon847,MeiratEinayim,0.0606,0.0,4,4
14,KenegedAsaraMaamaritLondon847,RAMBAN,0.1176,0.0,2,2
14,KenegedAsaraMaamaritLondon847,Rabenu_Bahayii,0.0857,0.0,3,1
14,KenegedAsaraMaamaritLondon847,Ricanati_Zicaron_aharon_ed,0.08,0.0,4,2
14,KenegedAsaraMaamaritLondon847,SaportaOxford1645,0.1154,0.0,3,2
14,KenegedAsaraMaamaritLondon847,UnKnownEskorial,0.0909,0.0,3,1
14,KeterShemTov,KeterShemTovMS_L,0.4688,0.1765,15,17
14,KeterShemTov,MeiratEinayim,0.0375,,3,0
14,KeterShemTov,RAMBAN,0.0667,1.0,2,1
14,KeterShemTov,Rabenu_Bahayii,0.0851,0.0,4,3
14,KeterShemTov,Ricanati_Zicaron_aharon_ed,0.0984,0.0,6,4
14,KeterShemTov,SaportaOxford1645,0.05,,2,0
14,KeterShemTov,UnKnownEskorial,0.0652,0.0,3,1
14,KeterShemTovMS_L,MeiratEinayim,0.0685,0.0,5,1
14,KeterShemTovMS_L,RAMBAN,0.08,1.0,2,1
14,KeterShemTovMS_L,Rabenu_Bahayii,0.0952,0.0,4,2
14,KeterShemTovMS_L,Ricanati_Zicaron_aharon_ed,0.1071,0.0,6,4
14,KeterShemTovMS_L,SaportaOxford1645,0.0882,0.0,3,1
14,KeterShemTovMS_L,UnKnownEskorial,0.0732,0.0,3,1
14,MeiratEinayim,RAMBAN,0.0678,0.0,4,3
14,MeiratEinayim,Rabenu_Bahayii,0.0513,0.0,4,2
14,MeiratEinayim,Ricanati_Zicaron_aharon_ed,0.1395,0.1429,12,14
14,MeiratEinayim,SaportaOxford1645,0.2167,0.1333,13,15
14,MeiratEinayim,UnKnownEskorial,0.039,,3,0
14,RAMBAN,Rabenu_Bahayii,0.0333,,1,0
14,RAMBAN,Ricanati_Zicaron_aharon_ed,0.0444,0.0,2,1
14,RAMBAN,SaportaOxford1645,0.1579,0.0,3,2
14,RAMBAN,UnKnownEskorial,0.0357,,1,0
14,Rabenu_Bahayii,Ricanati_Zicaron_aharon_ed,0.1,0.0,6,5
14,Rabenu_Bahayii,SaportaOxford1645,0.0789,0.0,3,1
14,Rabenu_Bahayii,UnKnownEskorial,0.0667,,3,0
14,Ricanati_Zicaron_aharon_ed,SaportaOxford1645,0.1176,0.4,6,5
14,Ricanati_Zicaron_aharon_ed,UnKnownEskorial,0.0847,0.0,5,1
14,SaportaOxford1645,UnKnownEskorial,0.0263,,1,0
15,IbnShuib,KenegedAsaraMaamaritLondon847,0.1017,0.0,6,4
15,IbnShuib,KeterShemTov,0.1222,0.0,11,7
15,IbnShuib,KeterShemTovMS_L,0.1146,0.0,11,6
15,IbnShuib,MeiratEinayim,0.1486,0.0,11,11
15,IbnShuib,RAMBAN,0.1017,0.1429,6,7
15,IbnShuib,Rabenu_Bahayii,0.1111,0.0,11,10
15,IbnShuib,Ricanati_Zicaron_aharon_ed,0.1023,0.0,9,3
15,IbnShuib,SaportaOxford1645,0.1205,0.0,10,6
15,IbnShuib,UnKnownEskorial,0.0806,0.0,5,2
15,KenegedAsaraMaamaritLondon847,KeterShemTov,0.1071,0.0,6,7
15,KenegedAsaraMaamaritLondon847,KeterShemTovMS_L,0.1148,0.0,7,6
15,KenegedAsaraMaamaritLondon847,MeiratEinayim,0.0698,,3,0
15,KenegedAsaraMaamaritLondon847,RAMBAN,0.1304,,3,0
15,KenegedAsaraMaamaritLondon847,Rabenu_Bahayii,0.0441,,3,0
15,KenegedAsaraMaamaritLondon847,Ricanati_Zicaron_aharon_ed,0.0741,,4,0
15,KenegedAsaraMaamaritLondon847,SaportaOxford1645,0.0588,,3,0
15,KenegedAsaraMaamaritLondon847,UnKnownEskorial,0.1667,0.0,4,1
15,KeterShemTov,KeterShemTovMS_L,0.4444,0.0244,32,41
15,KeterShemTov,MeiratEinayim,0.0789,0.0,6,4
15,KeterShemTov,RAMBAN,0.0877,0.0,5,6
15,KeterShemTov,Rabenu_Bahayii,0.1263,0.0,12,12
15,KeterShemTov,Ricanati_Zicaron_aharon_ed,0.1325,0.0,11,13
15,KeterShemTov,SaportaOxford1645,0.0976,0.0,8,4
15,KeterShemTov,UnKnownEskorial,0.0667,0.0,4,3
15,KeterShemTovMS_L,MeiratEinayim,0.1,0.0,8,10
15,KeterShemTovMS_L,RAMBAN,0.0794,0.5,5,2
15,KeterShemTovMS_L,Rabenu_Bahayii,0.1649,0.0,16,22
15,KeterShemTovMS_L,Ricanati_Zicaron_aharon_ed,0.1628,0.1429,14,14
15,KeterShemTovMS_L,SaportaOxford1645,0.1163,0.0,10,5
15,KeterShemTovMS_L,UnKnownEskorial,0.0769,0.0,5,1
15,MeiratEinayim,RAMBAN,0.0952,0.0,4,2
15,MeiratEinayim,Rabenu_Bahayii,0.0833,0.0,7,8
15,MeiratEinayim,Ricanati_Zicaron_aharon_ed,0.1143,0.0,8,5
15,MeiratEinayim,SaportaOxford1645,0.3704,0.2857,20,21
15,MeiratEinayim,UnKnownEskorial,0.0667,,3,0
15,RAMBAN,Rabenu_Bahayii,0.1094,0.2,7,5
15,RAMBAN,Ricanati_Zicaron_aharon_ed,0.1154,0.0,6,4
15,RAMBAN,SaportaOxford1645,0.08,0.0,4,2
15,RAMBAN,UnKnownEskorial,0.0769,,2,0
15,Rabenu_Bahayii,Ricanati_Zicaron_aharon_ed,0.1705,0.0,15,10
15,Rabenu_Bahayii,SaportaOxford1645,0.1124,0.0,10,5
15,Rabenu_Bahayii,UnKnownEskorial,0.058,,4,0
15,Ricanati_Zicaron_aharon_ed,SaportaOxford1645,0.1467,0.0,11,5
15,Ricanati_Zicaron_aharon_ed,UnKnownEskorial,0.0526,,3,0
15,SaportaOxford1645,UnKnownEskorial,0.0769,,4,0
16,Comment_a_shuib_Parma_68,IbnShuib,0.0175,,1,0
16,Comment_a_shuib_Parma_68,KenegedAsaraMaamaritLondon847,0.0909,,1,0
16,Comment_a_shuib_Parma_68,KeterShemTov,0.0185,,1,0
16,Comment_a_shuib_Parma_68,KeterShemTovMS_L,0.0164,,1,0
16,Comment_a_shuib_Parma_68,MeiratEinayim,0.0199,0.0,3,1
16,Comment_a_shuib_Parma_68,RAMBAN,0.04,0.0,2,1
16,Comment_a_shuib_Parma_68,Rabenu_Bahayii,0.0353,0.0,3,1
16,Comment_a_shuib_Parma_68,Ricanati_Zicaron_aharon_ed,0.0385,,1,0
16,IbnShuib,KenegedAsaraMaamaritLondon847,0.0,,0,0
16,IbnShuib,KeterShemTov,0.1829,0.0,15,11
16,IbnShuib,KeterShemTovMS_L,0.1685,0.0,15,9
16,IbnShuib,MeiratEinayim,0.1462,0.0,25,15
16,IbnShuib,RAMBAN,0.2051,0.0,16,4
16,IbnShuib,Rabenu_Bahayii,0.1111,0.0,13,3
16,IbnShuib,Ricanati_Zicaron_aharon_ed,0.15,0.0,9,7
16,KenegedAsaraMaamaritLondon847,KeterShemTov,0.02,,1,0
16,KenegedAsaraMaamaritLondon847,KeterShemTovMS_L,0.0175,,1,0
16,KenegedAsaraMaamaritLondon847,MeiratEinayim,0.0135,0.0,2,1
16,KenegedAsaraMaamaritLondon847,RAMBAN,0.0213,,1,0
16,KenegedAsaraMaamaritLondon847,Rabenu_Bahayii,0.0244,,2,0
16,KenegedAsaraMaamaritLondon847,Ricanati_Zicaron_aharon_ed,0.0,,0,0
16,KeterShemTov,KeterShemTovMS_L,0.4225,0.1515,30,33
16,KeterShemTov,MeiratEinayim,0.1221,0.0833,21,12
16,KeterShemTov,RAMBAN,0.0964,0.0,8,3
16,KeterShemTov,Rabenu_Bahayii,0.114,0.2,13,5
16,KeterShemTov,Ricanati_Zicaron_aharon_ed,0.082,0.0,5,3
16,KeterShemTovMS_L,MeiratEinayim,0.1628,0.0,28,25
16,KeterShemTovMS_L,RAMBAN,0.1529,0.0,13,6
16,KeterShemTovMS_L,Rabenu_Bahayii,0.1074,0.0,13,10
16,KeterShemTovMS_L,Ricanati_Zicaron_aharon_ed,0.1061,0.0,7,6
16,MeiratEinayim,RAMBAN,0.1446,0.0769,24,13
16,MeiratEinayim,Rabenu_Bahayii,0.1414,0.0,28,15
16,MeiratEinayim,Ricanati_Zicaron_aharon_ed,0.0714,0.0,11,8
16,RAMBAN,Rabenu_Bahayii,0.1273,0.0,14,2
16,RAMBAN,Ricanati_Zicaron_aharon_ed,0.1887,0.0,10,6
16,Rabenu_Bahayii,Ricanati_Zicaron_aharon_ed,0.0532,0.0,5,3
17,Comment_a_shuib_Parma_68,DaatChachamVatokan107,0.0,,0,0
17,Comment_a_shuib_Parma_68,DaatChachamVatokan114,0.0,,0,0
17,Comment_a_shuib_Parma_68,IbnShuib,0.0286,,1,0
17,Comment_a_shuib_Parma_68,KenegedAsaraMaamaritLondon847,0.0426,0.0,2,2
17,Comment_a_shuib_Parma_68,KeterShemTov,0.0182,,2,0
17,Comment_a_shuib_Parma_68,KeterShemTovMS_L,0.0273,,3,0
17,Comment_a_shuib_Parma_68,MeiratEinayim,0.0249,0.0,5,8
17,Comment_a_shuib_Parma_68,RAMBAN,0.0247,0.3333,4,3
17,Comment_a_shuib_Parma_68,Rabenu_Bahayii,0.0,,0,0
17,Comment_a_shuib_Parma_68,Ricanati_Zicaron_aharon_ed,0.038,0.0,3,1
17,Comment_a_shuib_Parma_68,UnKnownEskorial,0.0,,0,0
17,DaatChachamVatokan107,DaatChachamVatokan114,0.0769,,1,0
17,DaatChachamVatokan107,IbnShuib,0.0,,0,0
17,DaatChachamVatokan107,KenegedAsaraMaamaritLondon847,0.0217,,1,0
17,DaatChachamVatokan107,KeterShemTov,0.0185,,2,0
17,DaatChachamVatokan107,KeterShemTovMS_L,0.0,,0,0
17,DaatChachamVatokan107,MeiratEinayim,0.02,0.0,4,3
17,DaatChachamVatokan107,RAMBAN,0.0,,0,0
17,DaatChachamVatokan107,Rabenu_Bahayii,0.0426,,2,0
17,DaatChachamVatokan107,Ricanati_Zicaron_aharon_ed,0.0127,,1,0
17,DaatChachamVatokan107,UnKnownEskorial,0.0,,0,0
17,DaatChachamVatokan114,IbnShuib,0.0303,,1,0
17,DaatChachamVatokan114,KenegedAsaraMaamaritLondon847,0.0,,0,0
17,DaatChachamVatokan114,KeterShemTov,0.0092,,1,0
17,DaatChachamVatokan114,KeterShemTovMS_L,0.0183,0.0,2,1
17,DaatChachamVatokan114,MeiratEinayim,0.0099,,2,0
17,DaatChachamVatokan114,RAMBAN,0.0123,,2,0
17,DaatChachamVatokan114,Rabenu_Bahayii,0.0426,0.0,2,3
17,DaatChachamVatokan114,Ricanati_Zicaron_aharon_ed,0.0256,0.0,2,1
17,DaatChachamVatokan114,UnKnownEskorial,0.0,,0,0
17,IbnShuib,KenegedAsaraMaamaritLondon847,0.0984,0.6667,6,3
17,IbnShuib,KeterShemTov,0.0484,0.0,6,1
17,IbnShuib,KeterShemTovMS_L,0.065,0.0,8,3
17,IbnShuib,MeiratEinayim,0.0419,0.0,9,4
17,IbnShuib,RAMBAN,0.0824,0.125,14,16
17,IbnShuib,Rabenu_Bahayii,0.0455,0.0,3,1
17,IbnShuib,Ricanati_Zicaron_aharon_ed,0.0753,0.5,7,2
17,IbnShuib,UnKnownEskorial,0.0577,,3,0
17,KenegedAsaraMaamaritLondon847,KeterShemTov,0.0362,0.0,5,3
17,KenegedAsaraMaamaritLondon847,KeterShemTovMS_L,0.0588,0.0,8,4
17,KenegedAsaraMaamaritLondon847,MeiratEinayim,0.0724,0.1053,16,19
17,KenegedAsaraMaamaritLondon847,RAMBAN,0.0707,0.3636,13,11
17,KenegedAsaraMaamaritLondon847,Rabenu_Bahayii,0.025,,2,0
17,KenegedAsaraMaamaritLondon847,Ricanati_Zicaron_aharon_ed,0.0762,0.3333,8,6
17,KenegedAsaraMaamaritLondon847,UnKnownEskorial,0.0625,0.0,4,1
17,KeterShemTov,KeterShemTovMS_L,0.4476,0.1613,64,93
17,KeterShemTov,MeiratEinayim,0.0676,0.0,19,12
17,KeterShemTov,RAMBAN,0.1064,0.0,25,12
17,KeterShemTov,Rabenu_Bahayii,0.0432,0.0,6,6
17,KeterShemTov,Ricanati_Zicaron_aharon_ed,0.0667,0.0,11,6
17,KeterShemTov,UnKnownEskorial,0.065,,8,0
17,KeterShemTovMS_L,MeiratEinayim,0.0712,0.0,20,11
17,KeterShemTovMS_L,RAMBAN,0.0921,0.0,22,14
17,KeterShemTovMS_L,Rabenu_Bahayii,0.0504,0.0,7,7
17,KeterShemTovMS_L,Ricanati_Zicaron_aharon_ed,0.0727,0.0,12,3
17,KeterShemTovMS_L,UnKnownEskorial,0.056,0.0,7,1
17,MeiratEinayim,RAMBAN,0.096,0.087,31,23
17,MeiratEinayim,Rabenu_Bahayii,0.0302,0.0,7,2
17,MeiratEinayim,Ricanati_Zicaron_aharon_ed,0.1066,0.0385,26,26
17,MeiratEinayim,UnKnownEskorial,0.0227,,5,0
17,RAMBAN,Rabenu_Bahayii,0.0585,0.0,11,5
17,RAMBAN,Ricanati_Zicaron_aharon_ed,0.1275,0.15,26,20
17,RAMBAN,UnKnownEskorial,0.1078,0.0,18,4
17,Rabenu_Bahayii,Ricanati_Zicaron_aharon_ed,0.036,0.0,4,3
17,Rabenu_Bahayii,UnKnownEskorial,0.0294,,2,0
17,Ricanati_Zicaron_aharon_ed,UnKnownEskorial,0.0306,,3,0
18,DaatChachamVatokan107,DaatChachamVatokan114,0.1333,1.0,2,1
18,DaatChachamVatokan107,IbnShuib,0.0588,0.0,3,1
18,DaatChachamVatokan107,KenegedAsaraMaamaritLondon847,0.1333,0.0,2,1
18,DaatChachamVatokan107,KeterShemTov,0.1538,0.0,2,1
18,DaatChachamVatokan107,MeiratEinayim,0.0676,0.3333,5,3
18,DaatChachamVatokan107,RAMBAN,0.0455,,3,0
18,DaatChachamVatokan107,Rabenu_Bahayii,0.0233,,1,0
18,DaatChachamVatokan107,Ricanati_Zicaron_aharon_ed,0.0405,0.0,3,2
18,DaatChachamVatokan107,UnKnownEskorial,0.0952,0.0,2,1
18,DaatChachamVatokan114,IbnShuib,0.0,,0,0
18,DaatChachamVatokan114,KenegedAsaraMaamaritLondon847,0.1429,0.0,2,1
18,DaatChachamVatokan114,KeterShemTov,0.0769,,1,0
18,DaatChachamVatokan114,MeiratEinayim,0.0541,0.1667,4,6
18,DaatChachamVatokan114,RAMBAN,0.0149,,1,0
18,DaatChachamVatokan114,Rabenu_Bahayii,0.0,,0,0
18,DaatChachamVatokan114,Ricanati_Zicaron_aharon_ed,0.027,0.0,2,1
18,DaatChachamVatokan114,UnKnownEskorial,0.1,0.0,2,2
18,IbnShuib,KenegedAsaraMaamaritLondon847,0.06,0.0,3,4
18,IbnShuib,KeterShemTov,0.02,,1,0
18,IbnShuib,MeiratEinayim,0.1275,0.1667,13,6
18,IbnShuib,RAMBAN,0.1798,0.125,16,8
18,IbnShuib,Rabenu_Bahayii,0.1765,0.0,12,10
18,IbnShuib,Ricanati_Zicaron_aharon_ed,0.1649,0.0,16,11
18,IbnShuib,UnKnownEskorial,0.0727,0.3333,4,3
18,KenegedAsaraMaamaritLondon847,KeterShemTov,0.0769,,1,0
18,KenegedAsaraMaamaritLondon847,MeiratEinayim,0.0685,0.0,5,3
18,KenegedAsaraMaamaritLondon847,RAMBAN,0.0625,0.0,4,1
18,KenegedAsaraMaamaritLondon847,Rabenu_Bahayii,0.075,0.0,3,1
18,KenegedAsaraMaamaritLondon847,Ricanati_Zicaron_aharon_ed,0.0556,0.0,4,1
18,KenegedAsaraMaamaritLondon847,UnKnownEskorial,0.1,0.0,2,2
18,KeterShemTov,MeiratEinayim,0.0411,0.0,3,2
18,KeterShemTov,RAMBAN,0.0312,,2,0
18,KeterShemTov,Rabenu_Bahayii,0.0,,0,0
18,KeterShemTov,Ricanati_Zicaron_aharon_ed,0.0571,0.0,4,3
18,KeterShemTov,UnKnownEskorial,0.0526,,1,0
18,MeiratEinayim,RAMBAN,0.1818,0.0952,20,21
18,MeiratEinayim,Rabenu_Bahayii,0.0714,0.0,7,3
18,MeiratEinayim,Ricanati_Zicaron_aharon_ed,0.1695,0.04,20,25
18,MeiratEinayim,UnKnownEskorial,0.05,0.0,4,5
18,RAMBAN,Rabenu_Bahayii,0.1585,0.0,13,9
18,RAMBAN,Ricanati_Zicaron_aharon_ed,0.3061,0.027,30,37
18,RAMBAN,UnKnownEskorial,0.1045,0.0,7,3
18,Rabenu_Bahayii,Ricanati_Zicaron_aharon_ed,0.1573,0.25,14,16
18,Rabenu_Bahayii,UnKnownEskorial,0.0889,0.0,4,4
18,Ricanati_Zicaron_aharon_ed,UnKnownEskorial,0.1081,0.0,8,5
19_1,DaatChachamVatokan107,DaatChachamVatokan114,0.5,0.275,26,40
19_1,DaatChachamVatokan107,IbnShuib,0.2625,0.04,21,25
19_1,DaatChachamVatokan107,KenegedAsaraMaamaritLondon847,0.1333,0.0,8,12
19_1,DaatChachamVatokan107,KeterShemTov,0.1429,0.0909,7,11
19_1,DaatChachamVatokan107,MeiratEinayim,0.2714,0.0278,19,36
19_1,DaatChachamVatokan107,RAMBAN,0.3134,0.1111,21,18
19_1,DaatChachamVatokan107,Ricanati_Zicaron_aharon_ed,0.1136,0.125,10,8
19_1,DaatChachamVatokan107,UnKnownEskorial,0.1818,0.1429,10,7
19_1,DaatChachamVatokan114,IbnShuib,0.2597,0.0417,20,24
19_1,DaatChachamVatokan114,KenegedAsaraMaamaritLondon847,0.1636,0.0833,9,12
19_1,DaatChachamVatokan114,KeterShemTov,0.1304,0.1111,6,9
19_1,DaatChachamVatokan114,MeiratEinayim,0.3077,0.0556,20,36
19_1,DaatChachamVatokan114,RAMBAN,0.2727,0.1429,18,14
19_1,DaatChachamVatokan114,Ricanati_Zicaron_aharon_ed,0.119,0.2857,10,7
19_1,DaatChachamVatokan114,UnKnownEskorial,0.1731,0.1429,9,7
19_1,IbnShuib,KenegedAsaraMaamaritLondon847,0.1013,0.0,8,12
19_1,IbnShuib,KeterShemTov,0.1194,0.2,8,5
19_1,IbnShuib,MeiratEinayim,0.1868,0.0,17,18
19_1,IbnShuib,RAMBAN,0.4079,0.1186,31,59
19_1,IbnShuib,Ricanati_Zicaron_aharon_ed,0.1038,0.0,11,12
19_1,IbnShuib,UnKnownEskorial,0.1507,0.2308,11,13
19_1,KenegedAsaraMaamaritLondon847,KeterShemTov,0.0769,0.0,3,1
19_1,KenegedAsaraMaamaritLondon847,MeiratEinayim,0.1905,0.0,12,12
19_1,KenegedAsaraMaamaritLondon847,RAMBAN,0.1212,0.1111,8,9
19_1,KenegedAsaraMaamaritLondon847,Ricanati_Zicaron_aharon_ed,0.0633,0.0,5,4
19_1,KenegedAsaraMaamaritLondon847,UnKnownEskorial,0.0625,0.0,3,1
19_1,KeterShemTov,MeiratEinayim,0.1455,0.125,8,8
19_1,KeterShemTov,RAMBAN,0.0877,0.6667,5,3
19_1,KeterShemTov,Ricanati_Zicaron_aharon_ed,0.0588,0.0,4,3
19_1,KeterShemTov,UnKnownEskorial,0.1143,0.3333,4,3
19_1,MeiratEinayim,RAMBAN,0.1875,0.1,15,10
19_1,MeiratEinayim,Ricanati_Zicaron_aharon_ed,0.0825,0.0,8,8
19_1,MeiratEinayim,UnKnownEskorial,0.1429,0.0,9,6
19_1,RAMBAN,Ricanati_Zicaron_aharon_ed,0.1429,0.1333,13,15
19_1,RAMBAN,UnKnownEskorial,0.1833,0.3,11,10
19_1,Ricanati_Zicaron_aharon_ed,UnKnownEskorial,0.08,0.0,6,4
19_2,Comment_a_shuib_Parma_68,DaatChachamVatokan107,0.0612,0.0,3,3
19_2,Comment_a_shuib_Parma_68,DaatChachamVatokan114,0.04,,2,0
19_2,Comment_a_shuib_Parma_68,IbnShuib,0.1013,0.2222,8,9
19_2,Comment_a_shuib_Parma_68,KenegedAsaraMaamaritLondon847,0.0472,0.0,6,5
19_2,Comment_a_shuib_Parma_68,KeterShemTov,0.0526,,3,0
19_2,Comment_a_shuib_Parma_68,MeiratEinayim,0.0677,0.0,9,5
19_2,Comment_a_shuib_Parma_68,RAMBAN,0.0175,,1,0
19_2,Comment_a_shuib_Parma_68,Rabenu_Bahayii,0.0562,0.5,5,6
19_2,Comment_a_shuib_Parma_68,Ricanati_Zicaron_aharon_ed,0.025,0.0,2,3
19_2,Comment_a_shuib_Parma_68,UnKnownEskorial,0.0192,0.0,1,1
19_2,Comment_a_shuib_Parma_68,UnKnownVatikan214,0.04,0.0,2,1
19_2,DaatChachamVatokan107,DaatChachamVatokan114,0.36,0.6667,9,3
19_2,DaatChachamVatokan107,IbnShuib,0.1129,0.0,7,5
19_2,DaatChachamVatokan107,KenegedAsaraMaamaritLondon847,0.0952,0.0,10,13
19_2,DaatChachamVatokan107,KeterShemTov,0.0769,,3,0
19_2,DaatChachamVatokan107,MeiratEinayim,0.0973,0.0769,11,13
19_2,DaatChachamVatokan107,RAMBAN,0.0811,,3,0
19_2,DaatChachamVatokan107,Rabenu_Bahayii,0.0704,,5,0
19_2,DaatChachamVatokan107,Ricanati_Zicaron_aharon_ed,0.0847,,5,0
19_2,DaatChachamVatokan107,UnKnownEskorial,0.0606,,2,0
19_2,DaatChachamVatokan107,UnKnownVatikan214,0.0625,,2,0
19_2,DaatChachamVatokan114,IbnShuib,0.0952,0.0,6,4
19_2,DaatChachamVatokan114,KenegedAsaraMaamaritLondon847,0.0849,0.0,9,10
19_2,DaatChachamVatokan114,KeterShemTov,0.1351,0.25,5,4
19_2,DaatChachamVatokan114,MeiratEinayim,0.069,0.0,8,10
19_2,DaatChachamVatokan114,RAMBAN,0.1111,0.0,4,4
19_2,DaatChachamVatokan114,Rabenu_Bahayii,0.0857,0.0,6,7
19_2,DaatChachamVatokan114,Ricanati_Zicaron_aharon_ed,0.0492,0.0,3,1
19_2,DaatChachamVatokan114,UnKnownEskorial,0.0938,0.0,3,3
19_2,DaatChachamVatokan114,UnKnownVatikan214,0.0625,,2,0
19_2,IbnShuib,KenegedAsaraMaamaritLondon847,0.1628,0.0556,21,36
19_2,IbnShuib,KeterShemTov,0.1493,0.0,10,5
19_2,IbnShuib,MeiratEinayim,0.1778,0.0541,24,37
19_2,IbnShuib,RAMBAN,0.1364,0.1111,9,9
19_2,IbnShuib,Rabenu_Bahayii,0.1562,0.25,15,28
19_2,IbnShuib,Ricanati_Zicaron_aharon_ed,0.1,0.1429,9,14
19_2,IbnShuib,UnKnownEskorial,0.129,0.1667,8,12
19_2,IbnShuib,UnKnownVatikan214,0.0952,0.0,6,5
19_2,KenegedAsaraMaamaritLondon847,KeterShemTov,0.0696,0.0,8,6
19_2,KenegedAsaraMaamaritLondon847,MeiratEinayim,0.1648,0.0,29,59
19_2,KenegedAsaraMaamaritLondon847,RAMBAN,0.0901,0.0769,10,13
19_2,KenegedAsaraMaamaritLondon847,Rabenu_Bahayii,0.1135,0.0476,16,21
19_2,KenegedAsaraMaamaritLondon847,Ricanati_Zicaron_aharon_ed,0.0902,0.0,12,19
19_2,KenegedAsaraMaamaritLondon847,UnKnownEskorial,0.0841,0.2143,9,14
19_2,KenegedAsaraMaamaritLondon847,UnKnownVatikan214,0.0849,0.0,9,3
19_2,KeterShemTov,MeiratEinayim,0.1186,0.0833,14,12
19_2,KeterShemTov,RAMBAN,0.0667,0.5,3,2
19_2,KeterShemTov,Rabenu_Bahayii,0.037,0.0,3,1
19_2,KeterShemTov,Ricanati_Zicaron_aharon_ed,0.0909,0.0,6,1
19_2,KeterShemTov,UnKnownEskorial,0.0238,0.0,1,1
19_2,KeterShemTov,UnKnownVatikan214,0.0244,,1,0
19_2,MeiratEinayim,RAMBAN,0.0924,0.0625,11,16
19_2,MeiratEinayim,Rabenu_Bahayii,0.1293,0.12,19,25
19_2,MeiratEinayim,Ricanati_Zicaron_aharon_ed,0.1,0.0,14,27
19_2,MeiratEinayim,UnKnownEskorial,0.0504,0.0,6,7
19_2,MeiratEinayim,UnKnownVatikan214,0.042,,5,0
19_2,RAMBAN,Rabenu_Bahayii,0.0649,0.2857,5,7
19_2,RAMBAN,Ricanati_Zicaron_aharon_ed,0.129,0.0,8,1
19_2,RAMBAN,UnKnownEskorial,0.1389,0.4,5,5
19_2,RAMBAN,UnKnownVatikan214,0.0811,,3,0
19_2,Rabenu_Bahayii,Ricanati_Zicaron_aharon_ed,0.0816,0.1111,8,9
19_2,Rabenu_Bahayii,UnKnownEskorial,0.1324,0.0714,9,14
19_2,Rabenu_Bahayii,UnKnownVatikan214,0.0704,0.0,5,4
19_2,Ricanati_Zicaron_aharon_ed,UnKnownEskorial,0.1207,0.0,7,2
19_2,Ricanati_Zicaron_aharon_ed,UnKnownVatikan214,0.1034,0.0,6,8
19_2,UnKnownEskorial,UnKnownVatikan214,0.5217,0.0,12,3
2,IbnShuib,KenegedAsaraMaamaritLondon847,0.042,0.0,5,7
2,IbnShuib,KeterShemTov,0.1265,0.0,21,20
2,IbnShuib,KeterShemTovMS_L,0.135,0.0312,22,32
2,IbnShuib,MeiratEinayim,0.0612,0.0,12,8
2,IbnShuib,RAMBAN,0.0286,0.25,3,4
2,IbnShuib,Rabenu_Bahayii,0.0877,0.0667,10,15
2,KenegedAsaraMaamaritLondon847,KeterShemTov,0.0594,0.25,6,4
2,KenegedAsaraMaamaritLondon847,KeterShemTovMS_L,0.05,0.6,5,5
2,KenegedAsaraMaamaritLondon847,MeiratEinayim,0.0159,0.0,2,1
2,KenegedAsaraMaamaritLondon847,RAMBAN,0.0769,0.0,2,2
2,KenegedAsaraMaamaritLondon847,Rabenu_Bahayii,0.1,0.5,4,2
2,KeterShemTov,KeterShemTovMS_L,0.3884,0.2167,47,60
2,KeterShemTov,MeiratEinayim,0.0852,0.0667,15,15
2,KeterShemTov,RAMBAN,0.0111,,1,0
2,KeterShemTov,Rabenu_Bahayii,0.0918,0.0,9,5
2,KeterShemTovMS_L,MeiratEinayim,0.0739,0.0,13,13
2,KeterShemTovMS_L,RAMBAN,0.0349,0.0,3,5
2,KeterShemTovMS_L,Rabenu_Bahayii,0.0714,0.125,7,8
2,MeiratEinayim,RAMBAN,0.0275,0.0,3,3
2,MeiratEinayim,Rabenu_Bahayii,0.0492,0.0,6,4
2,RAMBAN,Rabenu_Bahayii,0.0769,0.0,2,2
20,Comment_a_shuib_Parma_68,DaatChachamVatokan107,0.0698,0.0,3,1
20,Comment_a_shuib_Parma_68,DaatChachamVatokan114,0.0541,,2,0
20,Comment_a_shuib_Parma_68,IbnShuib,0.08,0.5,8,2
20,Comment_a_shuib_Parma_68,KenegedAsaraMaamaritLondon847,0.1918,0.1667,14,6
20,Comment_a_shuib_Parma_68,KeterShemTov,0.0185,,1,0
20,Comment_a_shuib_Parma_68,MeiratEinayim,0.0551,0.0,7,3
20,Comment_a_shuib_Parma_68,RAMBAN,0.08,0.0,2,1
20,Comment_a_shuib_Parma_68,Rabenu_Bahayii,0.0508,,3,0
20,Comment_a_shuib_Parma_68,Ricanati_Zicaron_aharon_ed,0.0748,0.0,8,4
20,Comment_a_shuib_Parma_68,UnKnownEskorial,0.039,0.0,3,1
20,Comment_a_shuib_Parma_68,UnKnownVatikan214,0.0161,,1,0
20,Comment_a_shuib_Parma_68,מערכת האלוהות,0.025,,1,0
20,DaatChachamVatokan107,DaatChachamVatokan114,0.3214,0.0,9,8
20,DaatChachamVatokan107,IbnShuib,0.0816,0.0,8,2
20,DaatChachamVatokan107,KenegedAsaraMaamaritLondon847,0.1184,0.0,9,6
20,DaatChachamVatokan107,KeterShemTov,0.1277,0.0,6,2
20,DaatChachamVatokan107,MeiratEinayim,0.0909,0.0,11,7
20,DaatChachamVatokan107,RAMBAN,0.0,,0,0
20,DaatChachamVatokan107,Rabenu_Bahayii,0.0714,0.0,4,2
20,DaatChachamVatokan107,Ricanati_Zicaron_aharon_ed,0.066,0.0,7,1
20,DaatChachamVatokan107,UnKnownEskorial,0.1143,0.0,8,1
20,DaatChachamVatokan107,UnKnownVatikan214,0.1091,,6,0
20,DaatChachamVatokan107,מערכת האלוהות,0.0263,,1,0
20,DaatChachamVatokan114,IbnShuib,0.0421,0.0,4,2
20,DaatChachamVatokan114,KenegedAsaraMaamaritLondon847,0.0986,0.0,7,9
20,DaatChachamVatokan114,KeterShemTov,0.0455,,2,0
20,DaatChachamVatokan114,MeiratEinayim,0.0593,0.0,7,9
20,DaatChachamVatokan114,RAMBAN,0.0,,0,0
20,DaatChachamVatokan114,Rabenu_Bahayii,0.06,,3,0
20,DaatChachamVatokan114,Ricanati_Zicaron_aharon_ed,0.0392,0.0,4,2
20,DaatChachamVatokan114,UnKnownEskorial,0.0597,0.0,4,1
20,DaatChachamVatokan114,UnKnownVatikan214,0.0588,,3,0
20,DaatChachamVatokan114,מערכת האלוהות,0.0,,0,0
20,IbnShuib,KenegedAsaraMaamaritLondon847,0.1575,0.087,20,23
20,IbnShuib,KeterShemTov,0.0952,0.0,10,4
20,IbnShuib,MeiratEinayim,0.1345,0.1111,23,27
20,IbnShuib,RAMBAN,0.0357,0.3333,3,3
20,IbnShuib,Rabenu_Bahayii,0.0517,0.5,6,6
20,IbnShuib,Ricanati_Zicaron_aharon_ed,0.129,0.2941,20,17
20,IbnShuib,UnKnownEskorial,0.1765,0.2,21,25
20,IbnShuib,UnKnownVatikan214,0.1389,0.1111,15,9
20,IbnShuib,מערכת האלוהות,0.0412,0.0,4,7
20,KenegedAsaraMaamaritLondon847,KeterShemTov,0.0562,0.0,5,2
20,KenegedAsaraMaamaritLondon847,MeiratEinayim,0.1161,0.037,18,27
20,KenegedAsaraMaamaritLondon847,RAMBAN,0.0,,0,0
20,KenegedAsaraMaamaritLondon847,Rabenu_Bahayii,0.0632,0.5,6,2
20,KenegedAsaraMaamaritLondon847,Ricanati_Zicaron_aharon_ed,0.1667,0.037,22,27
20,KenegedAsaraMaamaritLondon847,UnKnownEskorial,0.0721,0.125,8,8
20,KenegedAsaraMaamaritLondon847,UnKnownVatikan214,0.0408,,4,0
20,KenegedAsaraMaamaritLondon847,מערכת האלוהות,0.0667,0.2,5,5
20,KeterShemTov,MeiratEinayim,0.0522,0.0,7,3
20,KeterShemTov,RAMBAN,0.0,,0,0
20,KeterShemTov,Rabenu_Bahayii,0.0781,,5,0
20,KeterShemTov,Ricanati_Zicaron_aharon_ed,0.0702,0.0,8,6
20,KeterShemTov,UnKnownEskorial,0.061,0.0,5,2
20,KeterShemTov,UnKnownVatikan214,0.0938,0.25,6,4
20,KeterShemTov,מערכת האלוהות,0.0667,0.0,3,1
20,MeiratEinayim,RAMBAN,0.0089,,1,0
20,MeiratEinayim,Rabenu_Bahayii,0.1385,0.1786,18,28
20,MeiratEinayim,Ricanati_Zicaron_aharon_ed,0.1105,0.0667,20,30
20,MeiratEinayim,UnKnownEskorial,0.1067,0.0909,16,22
20,MeiratEinayim,UnKnownVatikan214,0.0643,0.0,9,4
20,MeiratEinayim,מערכת האלוהות,0.0496,0.25,6,4
20,RAMBAN,Rabenu_Bahayii,0.0,,0,0
20,RAMBAN,Ricanati_Zicaron_aharon_ed,0.0108,,1,0
20,RAMBAN,UnKnownEskorial,0.0351,1.0,2,1
20,RAMBAN,UnKnownVatikan214,0.05,1.0,2,1
20,RAMBAN,מערכת האלוהות,0.0,,0,0
20,Rabenu_Bahayii,Ricanati_Zicaron_aharon_ed,0.075,0.0909,9,11
20,Rabenu_Bahayii,UnKnownEskorial,0.0805,0.3333,7,6
20,Rabenu_Bahayii,UnKnownVatikan214,0.0548,,4,0
20,Rabenu_Bahayii,מערכת האלוהות,0.1,0.1429,5,7
20,Ricanati_Zicaron_aharon_ed,UnKnownEskorial,0.1053,0.3077,14,13
20,Ricanati_Zicaron_aharon_ed,UnKnownVatikan214,0.0833,0.0,10,2
20,Ricanati_Zicaron_aharon_ed,מערכת האלוהות,0.0385,0.0,4,5
20,UnKnownEskorial,UnKnownVatikan214,0.5574,0.5484,34,31
20,UnKnownEskorial,מערכת האלוהות,0.0429,0.0,3,3
20,UnKnownVatikan214,מערכת האלוהות,0.037,,2,0
21,DaatChachamVatokan214,IbnShuib,0.1724,0.5,5,2
21,DaatChachamVatokan214,KenegedAsaraMaamaritLondon847,0.1667,0.4,6,5
21,DaatChachamVatokan214,KeterShemTov,0.1714,0.0,6,5
21,DaatChachamVatokan214,MeiratEinayim,0.0483,0.1429,7,7
21,DaatChachamVatokan214,RAMBAN,0.375,0.25,12,8
21,DaatChachamVatokan214,Rabenu_Bahayii,0.0909,0.0,3,1
21,DaatChachamVatokan214,Ricanati_Zicaron_aharon_ed,0.24,0.0,6,3
21,DaatChachamVatokan214,SaportaOxford1645,0.0833,,2,0
21,DaatChachamVatokan214,UnKnownEskorial,0.5833,0.0556,14,18
21,IbnShuib,KenegedAsaraMaamaritLondon847,0.0857,0.0,3,1
21,IbnShuib,KeterShemTov,0.2333,0.0,7,5
21,IbnShuib,MeiratEinayim,0.0571,0.5,8,2
21,IbnShuib,RAMBAN,0.1429,1.0,5,1
21,IbnShuib,Rabenu_Bahayii,0.0323,,1,0
21,IbnShuib,Ricanati_Zicaron_aharon_ed,0.35,0.25,7,4
21,IbnShuib,SaportaOxford1645,0.1579,0.0,3,2
21,IbnShuib,UnKnownEskorial,0.1724,0.0,5,1
21,KenegedAsaraMaamaritLondon847,KeterShemTov,0.125,0.0,5,3
21,KenegedAsaraMaamaritLondon847,MeiratEinayim,0.0759,0.2,11,10
21,KenegedAsaraMaamaritLondon847,RAMBAN,0.2,0.2222,8,9
21,KenegedAsaraMaamaritLondon847,Rabenu_Bahayii,0.1111,0.0,4,3
21,KenegedAsaraMaamaritLondon847,Ricanati_Zicaron_aharon_ed,0.129,0.0,4,1
21,KenegedAsaraMaamaritLondon847,SaportaOxford1645,0.0345,,1,0
21,KenegedAsaraMaamaritLondon847,UnKnownEskorial,0.2727,0.25,9,8
21,KeterShemTov,MeiratEinayim,0.0544,0.1,8,10
21,KeterShemTov,RAMBAN,0.1463,0.0,6,3
21,KeterShemTov,Rabenu_Bahayii,0.0833,0.0,3,2
21,KeterShemTov,Ricanati_Zicaron_aharon_ed,0.4783,0.3333,11,12
21,KeterShemTov,SaportaOxford1645,0.1154,1.0,3,1
21,KeterShemTov,UnKnownEskorial,0.1714,0.2,6,5
21,MeiratEinayim,RAMBAN,0.0897,0.0833,13,12
21,MeiratEinayim,Rabenu_Bahayii,0.0345,0.0,5,5
21,MeiratEinayim,Ricanati_Zicaron_aharon_ed,0.0432,0.6667,6,3
21,MeiratEinayim,SaportaOxford1645,0.0448,0.0,6,5
21,MeiratEinayim,UnKnownEskorial,0.0704,0.2308,10,13
21,RAMBAN,Rabenu_Bahayii,0.1667,0.1429,6,7
21,RAMBAN,Ricanati_Zicaron_aharon_ed,0.1562,0.0,5,1
21,RAMBAN,SaportaOxford1645,0.1034,0.0,3,1
21,RAMBAN,UnKnownEskorial,0.375,0.3,12,10
21,Rabenu_Bahayii,Ricanati_Zicaron_aharon_ed,0.0741,,2,0
21,Rabenu_Bahayii,SaportaOxford1645,0.0909,,2,0
21,Rabenu_Bahayii,UnKnownEskorial,0.1613,0.0,5,4
21,Ricanati_Zicaron_aharon_ed,SaportaOxford1645,0.1875,0.0,3,2
21,Ricanati_Zicaron_aharon_ed,UnKnownEskorial,0.24,0.5,6,2
21,SaportaOxford1645,UnKnownEskorial,0.0833,,2,0
22,Comment_a_shuib_Parma_68,DaatChachamVatokan107,0.0,,0,0
22,Comment_a_shuib_Parma_68,DaatChachamVatokan214,0.0677,0.0,9,2
22,Comment_a_shuib_Parma_68,IbnShuib,0.0584,0.0,8,7
22,Comment_a_shuib_Parma_68,KeterShemTov,0.0573,0.2,11,5
22,Comment_a_shuib_Parma_68,MeiratEinayim,0.0558,0.0,12,5
22,Comment_a_shuib_Parma_68,RAMBAN,0.0629,0.0,10,5
22,Comment_a_shuib_Parma_68,Rabenu_Bahayii,0.1359,0.0,14,3
22,Comment_a_shuib_Parma_68,Ricanati_Zicaron_aharon_ed,0.0581,0.0,5,1
22,Comment_a_shuib_Parma_68,UnKnownEskorial,0.063,0.0,8,5
22,DaatChachamVatokan107,DaatChachamVatokan214,0.0309,,3,0
22,DaatChachamVatokan107,IbnShuib,0.03,0.0,3,1
22,DaatChachamVatokan107,KeterShemTov,0.0321,0.0,5,2
22,DaatChachamVatokan107,MeiratEinayim,0.0165,0.0,3,1
22,DaatChachamVatokan107,RAMBAN,0.0242,0.0,3,1
22,DaatChachamVatokan107,Rabenu_Bahayii,0.0274,,2,0
22,DaatChachamVatokan107,Ricanati_Zicaron_aharon_ed,0.0,,0,0
22,DaatChachamVatokan107,UnKnownEskorial,0.022,,2,0
22,DaatChachamVatokan214,IbnShuib,0.2067,0.0333,31,30
22,DaatChachamVatokan214,KeterShemTov,0.1602,0.0,33,39
22,DaatChachamVatokan214,MeiratEinayim,0.1385,0.0312,32,32
22,DaatChachamVatokan214,RAMBAN,0.3226,0.0517,50,58
22,DaatChachamVatokan214,Rabenu_Bahayii,0.1333,0.0,18,4
22,DaatChachamVatokan214,Ricanati_Zicaron_aharon_ed,0.0763,0.0,9,2
22,DaatChachamVatokan214,UnKnownEskorial,0.4615,0.0968,54,62
22,IbnShuib,KeterShemTov,0.1524,0.0256,32,39
22,IbnShuib,MeiratEinayim,0.1319,0.0323,31,31
22,IbnShuib,RAMBAN,0.2235,0.0244,38,41
22,IbnShuib,Rabenu_Bahayii,0.0909,0.0,13,13
22,IbnShuib,Ricanati_Zicaron_aharon_ed,0.0569,0.0,7,7
22,IbnShuib,UnKnownEskorial,0.16,0.0952,24,21
22,KeterShemTov,MeiratEinayim,0.153,0.0,43,53
22,KeterShemTov,RAMBAN,0.1515,0.0,35,39
22,KeterShemTov,Rabenu_Bahayii,0.0808,0.0,16,9
22,KeterShemTov,Ricanati_Zicaron_aharon_ed,0.0562,0.0,10,6
22,KeterShemTov,UnKnownEskorial,0.1154,0.0,24,23
22,MeiratEinayim,RAMBAN,0.1069,0.0556,28,18
22,MeiratEinayim,Rabenu_Bahayii,0.0673,0.0,15,8
22,MeiratEinayim,Ricanati_Zicaron_aharon_ed,0.0547,0.0,11,5
22,MeiratEinayim,UnKnownEskorial,0.1378,0.0312,31,32
22,RAMBAN,Rabenu_Bahayii,0.0976,0.125,16,8
22,RAMBAN,Ricanati_Zicaron_aharon_ed,0.0548,0.0,8,6
22,RAMBAN,UnKnownEskorial,0.2222,0.0444,36,45
22,Rabenu_Bahayii,Ricanati_Zicaron_aharon_ed,0.1461,0.1429,13,7
22,Rabenu_Bahayii,UnKnownEskorial,0.0977,0.0,13,5
22,Ricanati_Zicaron_aharon_ed,UnKnownEskorial,0.0714,0.0,8,1
23,Comment_a_shuib_Parma_68,DaatChachamVatokan214,0.0698,0.0,3,1
23,Comment_a_shuib_Parma_68,IbnShuib,0.0882,0.5,3,2
23,Comment_a_shuib_Parma_68,KenegedAsaraMaamaritLondon847,0.0556,,2,0
23,Comment_a_shuib_Parma_68,KeterShemTov,0.0149,,1,0
23,Comment_a_shuib_Parma_68,MeiratEinayim,0.0517,0.0,3,1
23,Comment_a_shuib_Parma_68,RAMBAN,0.0571,,2,0
23,Comment_a_shuib_Parma_68,Rabenu_Bahayii,0.0357,,1,0
23,Comment_a_shuib_Parma_68,Ricanati_Zicaron_aharon_ed,0.0526,0.0,2,1
23,Comment_a_shuib_Parma_68,UnKnownEskorial,0.0652,0.0,3,1
23,DaatChachamVatokan214,IbnShuib,0.1395,0.0,6,7
23,DaatChachamVatokan214,KenegedAsaraMaamaritLondon847,0.1628,0.0,7,5
23,DaatChachamVatokan214,KeterShemTov,0.0811,0.0,6,1
23,DaatChachamVatokan214,MeiratEinayim,0.058,0.0,4,1
23,DaatChachamVatokan214,RAMBAN,0.1395,0.0,6,2
23,DaatChachamVatokan214,Rabenu_Bahayii,0.1389,0.25,5,4
23,DaatChachamVatokan214,Ricanati_Zicaron_aharon_ed,0.1556,0.0,7,8
23,DaatChachamVatokan214,UnKnownEskorial,0.4878,0.1852,20,27
23,IbnShuib,KenegedAsaraMaamaritLondon847,0.1714,0.0,6,6
23,IbnShuib,KeterShemTov,0.1094,0.0,7,3
23,IbnShuib,MeiratEinayim,0.0667,0.0,4,3
23,IbnShuib,RAMBAN,0.2121,0.0,7,4
23,IbnShuib,Rabenu_Bahayii,0.0667,0.0,2,1
23,IbnShuib,Ricanati_Zicaron_aharon_ed,0.1944,0.3333,7,6
23,IbnShuib,UnKnownEskorial,0.1556,0.0,7,8
23,KenegedAsaraMaamaritLondon847,KeterShemTov,0.0435,,3,0
23,KenegedAsaraMaamaritLondon847,MeiratEinayim,0.0656,0.0,4,5
23,KenegedAsaraMaamaritLondon847,RAMBAN,0.2424,0.1818,8,11
23,KenegedAsaraMaamaritLondon847,Rabenu_Bahayii,0.0645,0.0,2,2
23,KenegedAsaraMaamaritLondon847,Ricanati_Zicaron_aharon_ed,0.1579,0.3333,6,6
23,KenegedAsaraMaamaritLondon847,UnKnownEskorial,0.1778,0.1538,8,13
23,KeterShemTov,MeiratEinayim,0.092,0.0,8,2
23,KeterShemTov,RAMBAN,0.0758,,5,0
23,KeterShemTov,Rabenu_Bahayii,0.0328,,2,0
23,KeterShemTov,Ricanati_Zicaron_aharon_ed,0.1385,0.0,9,4
23,KeterShemTov,UnKnownEskorial,0.0506,0.0,4,2
23,MeiratEinayim,RAMBAN,0.0667,0.0,4,1
23,MeiratEinayim,Rabenu_Bahayii,0.037,,2,0
23,MeiratEinayim,Ricanati_Zicaron_aharon_ed,0.0635,0.0,4,2
23,MeiratEinayim,UnKnownEskorial,0.0556,0.0,4,3
23,RAMBAN,Rabenu_Bahayii,0.1034,,3,0
23,RAMBAN,Ricanati_Zicaron_aharon_ed,0.1944,0.0,7,8
23,RAMBAN,UnKnownEskorial,0.2381,0.0,10,8
23,Rabenu_Bahayii,Ricanati_Zicaron_aharon_ed,0.2069,0.1667,6,6
23,Rabenu_Bahayii,UnKnownEskorial,0.1892,0.125,7,8
23,Ricanati_Zicaron_aharon_ed,UnKnownEskorial,0.1702,0.1818,8,11
24,Comment_a_shuib_Parma_68,Comment_b_note_of_unknown,0.0,,0,0
24,Comment_a_shuib_Parma_68,DaatChachamVatokan107,0.0882,0.0,6,5
24,Comment_a_shuib_Parma_68,DaatChachamVatokan114,0.0482,0.0,4,3
24,Comment_a_shuib_Parma_68,IbnShuib,0.0437,0.0,7,2
24,Comment_a_shuib_Parma_68,KenegedAsaraMaamaritLondon847,0.0435,,2,0
24,Comment_a_shuib_Parma_68,KeterShemTov,0.0227,,2,0
24,Comment_a_shuib_Parma_68,MeiratEinayim,0.0267,0.0,7,2
24,Comment_a_shuib_Parma_68,RAMBAN,0.0449,0.0,7,2
24,Comment_a_shuib_Parma_68,Rabenu_Bahayii,0.0189,,3,0
24,Comment_a_shuib_Parma_68,Ricanati_Zicaron_aharon_ed,0.0437,0.0,8,3
24,Comment_a_shuib_Parma_68,UnKnownEskorial,0.0492,,3,0
24,Comment_a_shuib_Parma_68,UnKnownVatikan214,0.0459,0.0,5,1
24,Comment_b_note_of_unknown,DaatChachamVatokan107,0.0,,0,0
24,Comment_b_note_of_unknown,DaatChachamVatokan114,0.0,,0,0
24,Comment_b_note_of_unknown,IbnShuib,0.0068,,1,0
24,Comment_b_note_of_unknown,KenegedAsaraMaamaritLondon847,0.0,,0,0
24,Comment_b_note_of_unknown,KeterShemTov,0.0,,0,0
24,Comment_b_note_of_unknown,MeiratEinayim,0.0,,0,0
24,Comment_b_note_of_unknown,RAMBAN,0.0,,0,0
24,Comment_b_note_of_unknown,Rabenu_Bahayii,0.0,,0,0
24,Comment_b_note_of_unknown,Ricanati_Zicaron_aharon_ed,0.0059,,1,0
24,Comment_b_note_of_unknown,UnKnownEskorial,0.0233,,1,0
24,Comment_b_note_of_unknown,UnKnownVatikan214,0.0108,,1,0
24,DaatChachamVatokan107,DaatChachamVatokan114,0.3605,0.1163,31,43
24,DaatChachamVatokan107,IbnShuib,0.0649,0.0833,12,12
24,DaatChachamVatokan107,KenegedAsaraMaamaritLondon847,0.0541,,4,0
24,DaatChachamVatokan107,KeterShemTov,0.0345,0.0,4,1
24,DaatChachamVatokan107,MeiratEinayim,0.0491,0.0,14,12
24,DaatChachamVatokan107,RAMBAN,0.0966,0.0833,17,12
24,DaatChachamVatokan107,Rabenu_Bahayii,0.0787,0.0,14,12
24,DaatChachamVatokan107,Ricanati_Zicaron_aharon_ed,0.0676,0.1,14,10
24,DaatChachamVatokan107,UnKnownEskorial,0.0805,0.0,7,1
24,DaatChachamVatokan107,UnKnownVatikan214,0.1077,0.0476,14,21
24,DaatChachamVatokan114,IbnShuib,0.0769,0.0,15,8
24,DaatChachamVatokan114,KenegedAsaraMaamaritLondon847,0.0833,0.2,7,5
24,DaatChachamVatokan114,KeterShemTov,0.031,0.0,4,1
24,DaatChachamVatokan114,MeiratEinayim,0.047,0.0,14,13
24,DaatChachamVatokan114,RAMBAN,0.0842,0.0,16,5
24,DaatChachamVatokan114,Rabenu_Bahayii,0.0847,0.0,16,5
24,DaatChachamVatokan114,Ricanati_Zicaron_aharon_ed,0.1143,0.0,24,18
24,DaatChachamVatokan114,UnKnownEskorial,0.0918,0.0,9,8
24,DaatChachamVatokan114,UnKnownVatikan214,0.0979,0.0,14,5
24,IbnShuib,KenegedAsaraMaamaritLondon847,0.024,0.0,4,2
24,IbnShuib,KeterShemTov,0.0923,0.0909,18,11
24,IbnShuib,MeiratEinayim,0.1232,0.0,43,29
24,IbnShuib,RAMBAN,0.177,0.1702,43,47
24,IbnShuib,Rabenu_Bahayii,0.131,0.0333,33,30
24,IbnShuib,Ricanati_Zicaron_aharon_ed,0.1174,0.1034,33,29
24,IbnShuib,UnKnownEskorial,0.0686,0.0,12,5
24,IbnShuib,UnKnownVatikan214,0.134,0.0385,28,26
24,KenegedAsaraMaamaritLondon847,KeterShemTov,0.0108,,1,0
24,KenegedAsaraMaamaritLondon847,MeiratEinayim,0.0111,0.0,3,2
24,KenegedAsaraMaamaritLondon847,RAMBAN,0.0309,0.0,5,2
24,KenegedAsaraMaamaritLondon847,Rabenu_Bahayii,0.044,0.0,7,8
24,KenegedAsaraMaamaritLondon847,Ricanati_Zicaron_aharon_ed,0.0317,0.0,6,4
24,KenegedAsaraMaamaritLondon847,UnKnownEskorial,0.0625,0.0,4,2
24,KenegedAsaraMaamaritLondon847,UnKnownVatikan214,0.0631,0.0,7,6
24,KeterShemTov,MeiratEinayim,0.0788,0.0,23,19
24,KeterShemTov,RAMBAN,0.0829,0.0,16,8
24,KeterShemTov,Rabenu_Bahayii,0.0558,0.0,11,4
24,KeterShemTov,Ricanati_Zicaron_aharon_ed,0.0676,0.0,15,10
24,KeterShemTov,UnKnownEskorial,0.0891,0.0,9,5
24,KeterShemTov,UnKnownVatikan214,0.0667,0.2857,10,7
24,MeiratEinayim,RAMBAN,0.1023,0.0417,36,24
24,MeiratEinayim,Rabenu_Bahayii,0.0871,0.069,31,29
24,MeiratEinayim,Ricanati_Zicaron_aharon_ed,0.1034,0.0303,39,33
24,MeiratEinayim,UnKnownEskorial,0.0358,0.0,10,2
24,MeiratEinayim,UnKnownVatikan214,0.066,0.0714,21,14
24,RAMBAN,Rabenu_Bahayii,0.1423,0.0385,35,26
24,RAMBAN,Ricanati_Zicaron_aharon_ed,0.2062,0.193,53,57
24,RAMBAN,UnKnownEskorial,0.1024,0.0,17,10
24,RAMBAN,UnKnownVatikan214,0.2073,0.0526,40,57
24,Rabenu_Bahayii,Ricanati_Zicaron_aharon_ed,0.1487,0.0435,40,46
24,Rabenu_Bahayii,UnKnownEskorial,0.1098,0.0769,18,13
24,Rabenu_Bahayii,UnKnownVatikan214,0.0841,0.0714,18,14
24,Ricanati_Zicaron_aharon_ed,UnKnownEskorial,0.0765,0.1,15,10
24,Ricanati_Zicaron_aharon_ed,UnKnownVatikan214,0.1348,0.0323,31,31
24,UnKnownEskorial,UnKnownVatikan214,0.2072,0.0769,23,26
25,Comment_a_shuib_Parma_68,DaatChachamVatokan107,0.037,,1,0
25,Comment_a_shuib_Parma_68,DaatChachamVatokan114,0.0,,0,0
25,Comment_a_shuib_Parma_68,IbnShuib,0.0656,0.0,4,3
25,Comment_a_shuib_Parma_68,KenegedAsaraMaamaritLondon847,0.0,,0,0
25,Comment_a_shuib_Parma_68,KeterShemTov,0.0139,,1,0
25,Comment_a_shuib_Parma_68,MeiratEinayim,0.025,,1,0
25,Comment_a_shuib_Parma_68,RAMBAN,0.0,,0,0
25,Comment_a_shuib_Parma_68,SaportaOxford1645,0.0,,0,0
25,DaatChachamVatokan107,DaatChachamVatokan114,0.4231,0.375,11,8
25,DaatChachamVatokan107,IbnShuib,0.0714,0.3333,5,3
25,DaatChachamVatokan107,KenegedAsaraMaamaritLondon847,0.0541,,2,0
25,DaatChachamVatokan107,KeterShemTov,0.0247,,2,0
25,DaatChachamVatokan107,MeiratEinayim,0.1333,0.0,6,1
25,DaatChachamVatokan107,RAMBAN,0.1333,0.0,4,4
25,DaatChachamVatokan107,SaportaOxford1645,0.037,,1,0
25,DaatChachamVatokan114,IbnShuib,0.0423,0.0,3,1
25,DaatChachamVatokan114,KenegedAsaraMaamaritLondon847,0.0556,,2,0
25,DaatChachamVatokan114,KeterShemTov,0.0513,0.25,4,4
25,DaatChachamVatokan114,MeiratEinayim,0.1628,0.0,7,5
25,DaatChachamVatokan114,RAMBAN,0.1,1.0,3,2
25,DaatChachamVatokan114,SaportaOxford1645,0.0385,,1,0
25,IbnShuib,KenegedAsaraMaamaritLondon847,0.0704,0.0,5,4
25,IbnShuib,KeterShemTov,0.0811,0.0,9,5
25,IbnShuib,MeiratEinayim,0.0732,0.0,6,4
25,IbnShuib,RAMBAN,0.0923,0.3333,6,6
25,IbnShuib,SaportaOxford1645,0.1207,0.1429,7,7
25,KenegedAsaraMaamaritLondon847,KeterShemTov,0.0244,,2,0
25,KenegedAsaraMaamaritLondon847,MeiratEinayim,0.0612,,3,0
25,KenegedAsaraMaamaritLondon847,RAMBAN,0.0606,,2,0
25,KenegedAsaraMaamaritLondon847,SaportaOxford1645,0.0741,1.0,2,1
25,KeterShemTov,MeiratEinayim,0.0667,0.3333,6,3
25,KeterShemTov,RAMBAN,0.0676,0.25,5,4
25,KeterShemTov,SaportaOxford1645,0.058,0.0,4,1
25,MeiratEinayim,RAMBAN,0.0682,0.0,3,3
25,MeiratEinayim,SaportaOxford1645,0.0513,,2,0
25,RAMBAN,SaportaOxford1645,0.1429,0.0,3,1
25_2,DaatChachamVatokan214,IbnShuib,0.1486,0.0,11,5
25_2,DaatChachamVatokan214,KenegedAsaraMaamaritLondon847,0.0714,0.0,5,10
25_2,DaatChachamVatokan214,KeterShemTov,0.0656,,4,0
25_2,DaatChachamVatokan214,MeiratEinayim,0.0725,0.0,5,3
25_2,DaatChachamVatokan214,RAMBAN,0.1324,0.0,9,2
25_2,DaatChachamVatokan214,Rabenu_Bahayii,0.0392,,2,0
25_2,DaatChachamVatokan214,Ricanati_Zicaron_aharon_ed,0.0897,0.0,7,3
25_2,DaatChachamVatokan214,UnKnownEskorial,0.4423,0.122,23,41
25_2,IbnShuib,KenegedAsaraMaamaritLondon847,0.0435,0.0,3,1
25_2,IbnShuib,KeterShemTov,0.1481,0.5,8,4
25_2,IbnShuib,MeiratEinayim,0.0441,0.0,3,3
25_2,IbnShuib,RAMBAN,0.1562,0.2,10,5
25_2,IbnShuib,Rabenu_Bahayii,0.0,,0,0
25_2,IbnShuib,Ricanati_Zicaron_aharon_ed,0.0789,0.0,6,2
25_2,IbnShuib,UnKnownEskorial,0.1803,0.0,11,6
25_2,KenegedAsaraMaamaritLondon847,KeterShemTov,0.0196,,1,0
25_2,KenegedAsaraMaamaritLondon847,MeiratEinayim,0.0893,0.0,5,4
25_2,KenegedAsaraMaamaritLondon847,RAMBAN,0.0667,0.0,4,1
25_2,KenegedAsaraMaamaritLondon847,Rabenu_Bahayii,0.0,,0,0
25_2,KenegedAsaraMaamaritLondon847,Ricanati_Zicaron_aharon_ed,0.0588,0.0,4,5
25_2,KenegedAsaraMaamaritLondon847,UnKnownEskorial,0.069,0.0,4,3
25_2,KeterShemTov,MeiratEinayim,0.0408,,2,0
25_2,KeterShemTov,RAMBAN,0.102,0.0,5,1
25_2,KeterShemTov,Rabenu_Bahayii,0.0345,,1,0
25_2,KeterShemTov,Ricanati_Zicaron_aharon_ed,0.069,,4,0
25_2,KeterShemTov,UnKnownEskorial,0.0612,,3,0
25_2,MeiratEinayim,RAMBAN,0.0328,0.0,2,1
25_2,MeiratEinayim,Rabenu_Bahayii,0.0,,0,0
25_2,MeiratEinayim,Ricanati_Zicaron_aharon_ed,0.0441,,3,0
25_2,MeiratEinayim,UnKnownEskorial,0.0893,1.0,5,1
25_2,RAMBAN,Rabenu_Bahayii,0.0,,0,0
25_2,RAMBAN,Ricanati_Zicaron_aharon_ed,0.1385,0.2,9,5
25_2,RAMBAN,UnKnownEskorial,0.1429,0.0,8,1
25_2,Rabenu_Bahayii,Ricanati_Zicaron_aharon_ed,0.087,0.0,4,2
25_2,Rabenu_Bahayii,UnKnownEskorial,0.0526,,2,0
25_2,Ricanati_Zicaron_aharon_ed,UnKnownEskorial,0.125,0.0,8,6
26,Comment_a_shuib_Parma_2704,DaatChachamVatokan107,0.0172,,1,0
26,Comment_a_shuib_Parma_2704,DaatChachamVatokan114,0.0364,,2,0
26,Comment_a_shuib_Parma_2704,IbnShuib,0.0353,,3,0
26,Comment_a_shuib_Parma_2704,KenegedAsaraMaamaritLondon847,0.0156,,1,0
26,Comment_a_shuib_Parma_2704,KeterShemTov,0.0309,,3,0
26,Comment_a_shuib_Parma_2704,MeiratEinayim,0.0119,,1,0
26,Comment_a_shuib_Parma_2704,RAMBAN,0.02,,2,0
26,Comment_a_shuib_Parma_2704,Rabenu_Bahayii,0.0244,,1,0
26,Comment_a_shuib_Parma_2704,Ricanati_Zicaron_aharon_ed,0.0233,0.0,4,1
26,Comment_a_shuib_Parma_2704,SaportaOxford1645,0.027,,2,0
26,Comment_a_shuib_Parma_2704,UnKnownEskorial,0.0297,,3,0
26,Comment_a_shuib_Parma_2704,UnKnownVatikan214,0.0357,0.0,4,1
26,DaatChachamVatokan107,DaatChachamVatokan114,0.2281,0.3333,13,9
26,DaatChachamVatokan107,IbnShuib,0.1477,0.1875,13,16
26,DaatChachamVatokan107,KenegedAsaraMaamaritLondon847,0.2,0.1,13,20
26,DaatChachamVatokan107,KeterShemTov,0.0865,0.0,9,5
26,DaatChachamVatokan107,MeiratEinayim,0.1136,0.1,10,10
26,DaatChachamVatokan107,RAMBAN,0.1275,0.1538,13,13
26,DaatChachamVatokan107,Rabenu_Bahayii,0.0577,0.0,3,4
26,DaatChachamVatokan107,Ricanati_Zicaron_aharon_ed,0.0862,0.0588,15,17
26,DaatChachamVatokan107,SaportaOxford1645,0.141,0.25,11,8
26,DaatChachamVatokan107,UnKnownEskorial,0.1359,0.0,14,12
26,DaatChachamVatokan107,UnKnownVatikan214,0.1121,0.0,13,11
26,DaatChachamVatokan114,IbnShuib,0.125,0.375,11,8
26,DaatChachamVatokan114,KenegedAsaraMaamaritLondon847,0.1692,0.0667,11,15
26,DaatChachamVatokan114,KeterShemTov,0.0882,0.0,9,7
26,DaatChachamVatokan114,MeiratEinayim,0.1294,0.0625,11,16
26,DaatChachamVatokan114,RAMBAN,0.13,0.1111,13,9
26,DaatChachamVatokan114,Rabenu_Bahayii,0.0392,0.0,2,1
26,DaatChachamVatokan114,Ricanati_Zicaron_aharon_ed,0.0747,0.1818,13,11
26,DaatChachamVatokan114,SaportaOxford1645,0.1154,0.1667,9,6
26,DaatChachamVatokan114,UnKnownEskorial,0.1165,0.1667,12,6
26,DaatChachamVatokan114,UnKnownVatikan214,0.0855,0.2,10,5
26,IbnShuib,KenegedAsaraMaamaritLondon847,0.1146,0.1429,11,7
26,IbnShuib,KeterShemTov,0.136,0.0556,17,18
26,IbnShuib,MeiratEinayim,0.114,0.1667,13,12
26,IbnShuib,RAMBAN,0.2203,0.125,26,32
26,IbnShuib,Rabenu_Bahayii,0.0633,0.0,5,4
26,IbnShuib,Ricanati_Zicaron_aharon_ed,0.172,0.0339,32,59
26,IbnShuib,SaportaOxford1645,0.2421,0.0769,23,52
26,IbnShuib,UnKnownEskorial,0.187,0.069,23,29
26,IbnShuib,UnKnownVatikan214,0.2061,0.0513,27,39
26,KenegedAsaraMaamaritLondon847,KeterShemTov,0.0917,0.1429,10,14
26,KenegedAsaraMaamaritLondon847,MeiratEinayim,0.1429,0.04,13,25
26,KenegedAsaraMaamaritLondon847,RAMBAN,0.1101,0.0556,12,18
26,KenegedAsaraMaamaritLondon847,Rabenu_Bahayii,0.0702,0.3333,4,3
26,KenegedAsaraMaamaritLondon847,Ricanati_Zicaron_aharon_ed,0.0714,0.0714,13,14
26,KenegedAsaraMaamaritLondon847,SaportaOxford1645,0.1176,0.0,10,16
26,KenegedAsaraMaamaritLondon847,UnKnownEskorial,0.1284,0.125,14,16
26,KenegedAsaraMaamaritLondon847,UnKnownVatikan214,0.125,0.0,15,24
26,KeterShemTov,MeiratEinayim,0.0692,0.0,9,10
26,KeterShemTov,RAMBAN,0.1387,0.1304,19,23
26,KeterShemTov,Rabenu_Bahayii,0.0435,0.0,4,4
26,KeterShemTov,Ricanati_Zicaron_aharon_ed,0.1275,0.0465,26,43
26,KeterShemTov,SaportaOxford1645,0.1304,0.037,15,27
26,KeterShemTov,UnKnownEskorial,0.188,0.0,25,36
26,KeterShemTov,UnKnownVatikan214,0.1644,0.0667,24,30
26,MeiratEinayim,RAMBAN,0.0682,0.0,9,11
26,MeiratEinayim,Rabenu_Bahayii,0.0658,0.0,5,6
26,MeiratEinayim,Ricanati_Zicaron_aharon_ed,0.0644,0.0909,13,11
26,MeiratEinayim,SaportaOxford1645,0.1058,0.2667,11,15
26,MeiratEinayim,UnKnownEskorial,0.1,0.0,13,21
26,MeiratEinayim,UnKnownVatikan214,0.0915,0.0,13,17
26,RAMBAN,Rabenu_Bahayii,0.0652,0.0,6,7
26,RAMBAN,Ricanati_Zicaron_aharon_ed,0.1658,0.1786,33,56
26,RAMBAN,SaportaOxford1645,0.211,0.0698,23,43
26,RAMBAN,UnKnownEskorial,0.203,0.12,27,25
26,RAMBAN,UnKnownVatikan214,0.2286,0.0667,32,45
26,Rabenu_Bahayii,Ricanati_Zicaron_aharon_ed,0.0552,0.1111,9,9
26,Rabenu_Bahayii,SaportaOxford1645,0.0746,0.0,5,8
26,Rabenu_Bahayii,UnKnownEskorial,0.087,0.1667,8,6
26,Rabenu_Bahayii,UnKnownVatikan214,0.0769,0.0,8,5
26,Ricanati_Zicaron_aharon_ed,SaportaOxford1645,0.1908,0.1042,33,96
26,Ricanati_Zicaron_aharon_ed,UnKnownEskorial,0.1584,0.0735,32,68
26,Ricanati_Zicaron_aharon_ed,UnKnownVatikan214,0.1604,0.0645,34,62
26,SaportaOxford1645,UnKnownEskorial,0.1964,0.1132,22,53
26,SaportaOxford1645,UnKnownVatikan214,0.2167,0.0588,26,68
26,UnKnownEskorial,UnKnownVatikan214,0.4746,0.1852,56,108
26_1,DaatChachamVatokan107,DaatChachamVatokan114,0.7778,0.5,7,10
26_1,DaatChachamVatokan107,IbnShuib,0.1176,0.0,4,1
26_1,DaatChachamVatokan107,KeterShemTov,0.0417,,2,0
26_1,DaatChachamVatokan107,MeiratEinayim,0.1724,0.0,5,9
26_1,DaatChachamVatokan107,RAMBAN,0.1,0.3333,4,3
26_1,DaatChachamVatokan107,Ricanati_Zicaron_aharon_ed,0.0455,0.0,2,2
26_1,DaatChachamVatokan107,UnKnownEskorial,0.1724,0.0,5,2
26_1,DaatChachamVatokan107,UnKnownVatikan214,0.1923,0.0,5,2
26_1,DaatChachamVatokan114,IbnShuib,0.1176,0.0,4,2
26_1,DaatChachamVatokan114,KeterShemTov,0.0417,,2,0
26_1,DaatChachamVatokan114,MeiratEinayim,0.1724,0.0,5,9
26_1,DaatChachamVatokan114,RAMBAN,0.1,0.3333,4,3
26_1,DaatChachamVatokan114,Ricanati_Zicaron_aharon_ed,0.0455,0.0,2,2
26_1,DaatChachamVatokan114,UnKnownEskorial,0.1724,0.0,5,2
26_1,DaatChachamVatokan114,UnKnownVatikan214,0.1481,0.0,4,1
26_1,IbnShuib,KeterShemTov,0.125,0.1429,8,7
26_1,IbnShuib,MeiratEinayim,0.1429,0.2,7,5
26_1,IbnShuib,RAMBAN,0.3469,0.0,17,18
26_1,IbnShuib,Ricanati_Zicaron_aharon_ed,0.1525,0.0,9,6
26_1,IbnShuib,UnKnownEskorial,0.1915,0.0833,9,12
26_1,IbnShuib,UnKnownVatikan214,0.2045,0.1667,9,12
26_1,KeterShemTov,MeiratEinayim,0.0968,0.0,6,4
26_1,KeterShemTov,RAMBAN,0.0986,0.25,7,4
26_1,KeterShemTov,Ricanati_Zicaron_aharon_ed,0.1111,0.25,8,4
26_1,KeterShemTov,UnKnownEskorial,0.0794,,5,0
26_1,KeterShemTov,UnKnownVatikan214,0.0656,0.0,4,1
26_1,MeiratEinayim,RAMBAN,0.1698,0.0,9,11
26_1,MeiratEinayim,Ricanati_Zicaron_aharon_ed,0.1034,0.25,6,4
26_1,MeiratEinayim,UnKnownEskorial,0.0833,0.0,4,5
26_1,MeiratEinayim,UnKnownVatikan214,0.0889,0.0,4,4
26_1,RAMBAN,Ricanati_Zicaron_aharon_ed,0.1212,0.1111,8,9
26_1,RAMBAN,UnKnownEskorial,0.24,0.0833,12,12
26_1,RAMBAN,UnKnownVatikan214,0.2292,0.25,11,8
26_1,Ricanati_Zicaron_aharon_ed,UnKnownEskorial,0.0847,0.0,5,1
26_1,Ricanati_Zicaron_aharon_ed,UnKnownVatikan214,0.0702,0.0,4,1
26_1,UnKnownEskorial,UnKnownVatikan214,0.4848,0.4545,16,22
27,Comment_a_shuib_Parma_68,DaatChachamVatokan107,0.0571,0.0,4,1
27,Comment_a_shuib_Parma_68,DaatChachamVatokan114,0.0274,0.0,2,1
27,Comment_a_shuib_Parma_68,IbnShuib,0.057,0.0769,11,13
27,Comment_a_shuib_Parma_68,KenegedAsaraMaamaritParis868,0.0471,0.6,4,5
27,Comment_a_shuib_Parma_68,KeterShemTov,0.0282,0.0,4,1
27,Comment_a_shuib_Parma_68,MeiratEinayim,0.0514,0.0417,22,24
27,Comment_a_shuib_Parma_68,RAMBAN,0.0455,0.0,6,7
27,Comment_a_shuib_Parma_68,Rabenu_Bahayii,0.0694,0.0,10,7
27,Comment_a_shuib_Parma_68,Ricanati_Zicaron_aharon_ed,0.0535,0.0625,10,16
27,Comment_a_shuib_Parma_68,UnKnownEskorial,0.0222,0.0,2,1
27,Comment_a_shuib_Parma_68,UnKnownVatikan214,0.0375,0.0,3,1
27,DaatChachamVatokan107,DaatChachamVatokan114,0.5405,0.3448,20,29
27,DaatChachamVatokan107,IbnShuib,0.0508,0.1667,9,6
27,DaatChachamVatokan107,KenegedAsaraMaamaritParis868,0.0597,0.0,4,6
27,DaatChachamVatokan107,KeterShemTov,0.0407,0.3333,5,3
27,DaatChachamVatokan107,MeiratEinayim,0.041,0.0606,17,33
27,DaatChachamVatokan107,RAMBAN,0.0256,0.0,3,3
27,DaatChachamVatokan107,Rabenu_Bahayii,0.0462,0.0,6,3
27,DaatChachamVatokan107,Ricanati_Zicaron_aharon_ed,0.0468,0.0,8,8
27,DaatChachamVatokan107,UnKnownEskorial,0.0423,,3,0
27,DaatChachamVatokan107,UnKnownVatikan214,0.0156,,1,0
27,DaatChachamVatokan114,IbnShuib,0.0625,0.2,11,5
27,DaatChachamVatokan114,KenegedAsaraMaamaritParis868,0.0746,0.1667,5,6
27,DaatChachamVatokan114,KeterShemTov,0.0403,0.2,5,5
27,DaatChachamVatokan114,MeiratEinayim,0.0384,0.1481,16,27
27,DaatChachamVatokan114,RAMBAN,0.0168,0.0,2,1
27,DaatChachamVatokan114,Rabenu_Bahayii,0.062,0.0,8,9
27,DaatChachamVatokan114,Ricanati_Zicaron_aharon_ed,0.0588,0.0,10,6
27,DaatChachamVatokan114,UnKnownEskorial,0.0417,,3,0
27,DaatChachamVatokan114,UnKnownVatikan214,0.0154,,1,0
27,IbnShuib,KenegedAsaraMaamaritParis868,0.0691,0.3,13,10
27,IbnShuib,KeterShemTov,0.1266,0.0303,29,33
27,IbnShuib,MeiratEinayim,0.1331,0.0769,66,78
27,IbnShuib,RAMBAN,0.1468,0.1143,32,35
27,IbnShuib,Rabenu_Bahayii,0.1176,0.0,28,21
27,IbnShuib,Ricanati_Zicaron_aharon_ed,0.136,0.0638,37,47
27,IbnShuib,UnKnownEskorial,0.0794,0.1,15,10
27,IbnShuib,UnKnownVatikan214,0.0541,0.0,10,1
27,KenegedAsaraMaamaritParis868,KeterShemTov,0.0752,0.0,10,10
27,KenegedAsaraMaamaritParis868,MeiratEinayim,0.0493,0.0741,21,27
27,KenegedAsaraMaamaritParis868,RAMBAN,0.0976,0.0667,12,15
27,KenegedAsaraMaamaritParis868,Rabenu_Bahayii,0.0414,0.0,6,4
27,KenegedAsaraMaamaritParis868,Ricanati_Zicaron_aharon_ed,0.0543,0.0,10,10
27,KenegedAsaraMaamaritParis868,UnKnownEskorial,0.0595,0.0,5,3
27,KenegedAsaraMaamaritParis868,UnKnownVatikan214,0.0127,,1,0
27,KeterShemTov,MeiratEinayim,0.0933,0.0811,43,37
27,KeterShemTov,RAMBAN,0.0667,0.0909,12,11
27,KeterShemTov,Rabenu_Bahayii,0.0722,0.0,14,8
27,KeterShemTov,Ricanati_Zicaron_aharon_ed,0.1729,0.1429,37,35
27,KeterShemTov,UnKnownEskorial,0.0355,0.0,5,2
27,KeterShemTov,UnKnownVatikan214,0.0458,0.0,6,1
27,MeiratEinayim,RAMBAN,0.0759,0.1538,35,39
27,MeiratEinayim,Rabenu_Bahayii,0.113,0.0299,52,67
27,MeiratEinayim,Ricanati_Zicaron_aharon_ed,0.1562,0.0449,75,89
27,MeiratEinayim,UnKnownEskorial,0.0465,0.0,20,16
27,MeiratEinayim,UnKnownVatikan214,0.045,0.0,19,10
27,RAMBAN,Rabenu_Bahayii,0.0526,0.0,10,5
27,RAMBAN,Ricanati_Zicaron_aharon_ed,0.0565,0.0,13,14
27,RAMBAN,UnKnownEskorial,0.0952,0.1111,12,9
27,RAMBAN,UnKnownVatikan214,0.1121,0.0,13,7
27,Rabenu_Bahayii,Ricanati_Zicaron_aharon_ed,0.1068,0.12,25,25
27,Rabenu_Bahayii,UnKnownEskorial,0.0548,0.0,8,2
27,Rabenu_Bahayii,UnKnownVatikan214,0.0507,,7,0
27,Ricanati_Zicaron_aharon_ed,UnKnownEskorial,0.0591,0.2,11,5
27,Ricanati_Zicaron_aharon_ed,UnKnownVatikan214,0.0503,1.0,9,1
27,UnKnownEskorial,UnKnownVatikan214,0.3833,0.2083,23,24
29,IbnShuib,KenegedAsaraMaamaritMinchen40,0.1786,1.0,5,1
29,IbnShuib,KeterShemTov,0.1463,0.3333,6,3
29,IbnShuib,MeiratEinayim,0.0952,0.1111,6,9
29,IbnShuib,RAMBAN,0.1091,0.125,6,8
29,IbnShuib,Rabenu_Bahayii,0.1739,0.0,4,1
29,IbnShuib,Ricanati_Zicaron_aharon_ed,0.1143,1.0,4,1
29,IbnShuib,UnKnownEskorial,0.1667,0.0,4,3
29,IbnShuib,UnKnownVatikan214,0.1316,0.0,5,4
29,KenegedAsaraMaamaritMinchen40,KeterShemTov,0.1556,0.1667,7,6
29,KenegedAsaraMaamaritMinchen40,MeiratEinayim,0.0725,0.25,5,4
29,KenegedAsaraMaamaritMinchen40,RAMBAN,0.0476,1.0,3,1
29,KenegedAsaraMaamaritMinchen40,Rabenu_Bahayii,0.1034,0.0,3,1
29,KenegedAsaraMaamaritMinchen40,Ricanati_Zicaron_aharon_ed,0.1579,0.2,6,5
29,KenegedAsaraMaamaritMinchen40,UnKnownEskorial,0.1,0.5,3,2
29,KenegedAsaraMaamaritMinchen40,UnKnownVatikan214,0.1429,0.0,6,5
29,KeterShemTov,MeiratEinayim,0.1579,0.3333,12,9
29,KeterShemTov,RAMBAN,0.0811,0.3333,6,3
29,KeterShemTov,Rabenu_Bahayii,0.0952,0.2,4,5
29,KeterShemTov,Ricanati_Zicaron_aharon_ed,0.5676,0.2069,21,29
29,KeterShemTov,UnKnownEskorial,0.1463,0.0,6,2
29,KeterShemTov,UnKnownVatikan214,0.1071,0.0,6,2
29,MeiratEinayim,RAMBAN,0.0851,0.1538,8,13
29,MeiratEinayim,Rabenu_Bahayii,0.0303,,2,0
29,MeiratEinayim,Ricanati_Zicaron_aharon_ed,0.1268,0.2222,9,9
29,MeiratEinayim,UnKnownEskorial,0.0615,0.0,4,2
29,MeiratEinayim,UnKnownVatikan214,0.0909,0.0,7,4
29,RAMBAN,Rabenu_Bahayii,0.0169,,1,0
29,RAMBAN,Ricanati_Zicaron_aharon_ed,0.0746,0.5,5,2
29,RAMBAN,UnKnownEskorial,0.0517,0.0,3,1
29,RAMBAN,UnKnownVatikan214,0.1014,0.2,7,5
29,Rabenu_Bahayii,Ricanati_Zicaron_aharon_ed,0.0556,0.0,2,1
29,Rabenu_Bahayii,UnKnownEskorial,0.1739,0.0,4,1
29,Rabenu_Bahayii,UnKnownVatikan214,0.0244,,1,0
29,Ricanati_Zicaron_aharon_ed,UnKnownEskorial,0.0833,,3,0
29,Ricanati_Zicaron_aharon_ed,UnKnownVatikan214,0.102,0.0,5,1
29,UnKnownEskorial,UnKnownVatikan214,0.2647,0.2857,9,7
3,Comment_a_shuib_Parma_68,IbnShuib,0.0286,,1,0
3,Comment_a_shuib_Parma_68,Likutim_bhml_1978,0.0833,,3,0
3,Comment_a_shuib_Parma_68,MeiratEinayim,0.0256,,1,0
3,Comment_a_shuib_Parma_68,RAMBAN,0.0323,,1,0
3,Comment_a_shuib_Parma_68,Rabenu_Bahayii,0.04,,2,0
3,IbnShuib,Likutim_bhml_1978,0.08,,2,0
3,IbnShuib,MeiratEinayim,0.0769,,2,0
3,IbnShuib,RAMBAN,0.1765,0.5,3,2
3,IbnShuib,Rabenu_Bahayii,0.0,,0,0
3,Likutim_bhml_1978,MeiratEinayim,0.0333,,1,0
3,Likutim_bhml_1978,RAMBAN,0.0455,,1,0
3,Likutim_bhml_1978,Rabenu_Bahayii,0.0238,,1,0
3,MeiratEinayim,RAMBAN,0.0,,0,0
3,MeiratEinayim,Rabenu_Bahayii,0.0,,0,0
3,RAMBAN,Rabenu_Bahayii,0.0286,,1,0
30,DaatChachamVatokan107,DaatChachamVatokan114,0.2927,0.0,12,10
30,DaatChachamVatokan107,DaatChachamVatokan214,0.0833,0.0,4,3
30,DaatChachamVatokan107,IbnShuib,0.0833,0.2857,8,7
30,DaatChachamVatokan107,KenegedAsaraMaamaritLondon847,0.12,0.5,6,6
30,DaatChachamVatokan107,KeterShemTov,0.0484,,3,0
30,DaatChachamVatokan107,MeiratEinayim,0.0702,0.0,8,5
30,DaatChachamVatokan107,RAMBAN,0.0417,0.0,3,1
30,DaatChachamVatokan107,Rabenu_Bahayii,0.0857,0.0,6,3
30,DaatChachamVatokan107,Ricanati_Zicaron_aharon_ed,0.0612,0.0,3,1
30,DaatChachamVatokan107,UnKnownEskorial,0.0893,0.0,5,2
30,DaatChachamVatokan114,DaatChachamVatokan214,0.1176,0.0,6,5
30,DaatChachamVatokan114,IbnShuib,0.101,0.3,10,10
30,DaatChachamVatokan114,KenegedAsaraMaamaritLondon847,0.1091,0.0,6,4
30,DaatChachamVatokan114,KeterShemTov,0.0769,,5,0
30,DaatChachamVatokan114,MeiratEinayim,0.114,0.0,13,14
30,DaatChachamVatokan114,RAMBAN,0.0667,0.0,5,1
30,DaatChachamVatokan114,Rabenu_Bahayii,0.1096,0.0,8,9
30,DaatChachamVatokan114,Ricanati_Zicaron_aharon_ed,0.1176,0.0,6,3
30,DaatChachamVatokan114,UnKnownEskorial,0.1,0.0,6,8
30,DaatChachamVatokan214,IbnShuib,0.1739,0.1364,16,22
30,DaatChachamVatokan214,KenegedAsaraMaamaritLondon847,0.25,0.0,12,18
30,DaatChachamVatokan214,KeterShemTov,0.1311,0.0,8,4
30,DaatChachamVatokan214,MeiratEinayim,0.125,0.0833,14,12
30,DaatChachamVatokan214,RAMBAN,0.197,0.0,13,15
30,DaatChachamVatokan214,Rabenu_Bahayii,0.1268,0.0,9,8
30,DaatChachamVatokan214,Ricanati_Zicaron_aharon_ed,0.0769,0.0,4,3
30,DaatChachamVatokan214,UnKnownEskorial,0.5116,0.2857,22,42
30,IbnShuib,KenegedAsaraMaamaritLondon847,0.1667,0.1364,16,22
30,IbnShuib,KeterShemTov,0.1204,0.0,13,8
30,IbnShuib,MeiratEinayim,0.1788,0.0667,27,30
30,IbnShuib,RAMBAN,0.1909,0.1111,21,27
30,IbnShuib,Rabenu_Bahayii,0.1186,0.0,14,16
30,IbnShuib,Ricanati_Zicaron_aharon_ed,0.08,0.0,8,5
30,IbnShuib,UnKnownEskorial,0.1471,0.1667,15,24
30,KenegedAsaraMaamaritLondon847,KeterShemTov,0.1061,0.0,7,3
30,KenegedAsaraMaamaritLondon847,MeiratEinayim,0.1404,0.4167,16,12
30,KenegedAsaraMaamaritLondon847,RAMBAN,0.2769,0.3158,18,19
30,KenegedAsaraMaamaritLondon847,Rabenu_Bahayii,0.1667,0.0,12,6
30,KenegedAsaraMaamaritLondon847,Ricanati_Zicaron_aharon_ed,0.1111,0.2,6,5
30,KenegedAsaraMaamaritLondon847,UnKnownEskorial,0.2321,0.3333,13,18
30,KeterShemTov,MeiratEinayim,0.121,0.0,15,10
30,KeterShemTov,RAMBAN,0.15,0.1,12,10
30,KeterShemTov,Rabenu_Bahayii,0.069,0.0,6,2
30,KeterShemTov,Ricanati_Zicaron_aharon_ed,0.1129,0.0,7,7
30,KeterShemTov,UnKnownEskorial,0.1304,0.0,9,3
30,MeiratEinayim,RAMBAN,0.155,0.0588,20,17
30,MeiratEinayim,Rabenu_Bahayii,0.1029,0.0,14,9
30,MeiratEinayim,Ricanati_Zicaron_aharon_ed,0.115,0.0,13,15
30,MeiratEinayim,UnKnownEskorial,0.125,0.1429,15,14
30,RAMBAN,Rabenu_Bahayii,0.1319,0.0,12,6
30,RAMBAN,Ricanati_Zicaron_aharon_ed,0.0822,0.3333,6,3
30,RAMBAN,UnKnownEskorial,0.2055,0.1875,15,16
30,Rabenu_Bahayii,Ricanati_Zicaron_aharon_ed,0.039,0.0,3,2
30,Rabenu_Bahayii,UnKnownEskorial,0.141,0.0,11,9
30,Ricanati_Zicaron_aharon_ed,UnKnownEskorial,0.0484,0.3333,3,3
30_1,DaatChachamVatokan107,DaatChachamVatokan114,0.2222,0.0,4,1
30_1,DaatChachamVatokan107,IbnShuib,0.0488,,2,0
30_1,DaatChachamVatokan107,KeterShemTov,0.0,,0,0
30_1,DaatChachamVatokan107,MeiratEinayim,0.0,,0,0
30_1,DaatChachamVatokan107,RAMBAN,0.0312,,1,0
30_1,DaatChachamVatokan107,Rabenu_Bahayii,0.0,,0,0
30_1,DaatChachamVatokan107,Ricanati_Zicaron_aharon_ed,0.05,0.0,2,1
30_1,DaatChachamVatokan107,UnKnownEskorial,0.1034,0.0,3,1
30_1,DaatChachamVatokan114,IbnShuib,0.093,0.0,4,3
30_1,DaatChachamVatokan114,KeterShemTov,0.0833,0.0,3,2
30_1,DaatChachamVatokan114,MeiratEinayim,0.0714,0.0,4,4
30_1,DaatChachamVatokan114,RAMBAN,0.0882,,3,0
30_1,DaatChachamVatokan114,Rabenu_Bahayii,0.0345,,1,0
30_1,DaatChachamVatokan114,Ricanati_Zicaron_aharon_ed,0.0952,0.0,4,1
30_1,DaatChachamVatokan114,UnKnownEskorial,0.0909,0.0,3,2
30_1,IbnShuib,KeterShemTov,0.1538,0.0,8,4
30_1,IbnShuib,MeiratEinayim,0.0946,0.0,7,4
30_1,IbnShuib,RAMBAN,0.234,0.0,11,12
30_1,IbnShuib,Rabenu_Bahayii,0.0851,0.0,4,1
30_1,IbnShuib,Ricanati_Zicaron_aharon_ed,0.1552,0.2,9,5
30_1,IbnShuib,UnKnownEskorial,0.14,0.25,7,4
30_1,KeterShemTov,MeiratEinayim,0.1061,0.0,7,7
30_1,KeterShemTov,RAMBAN,0.1111,0.25,5,4
30_1,KeterShemTov,Rabenu_Bahayii,0.1316,0.2,5,5
30_1,KeterShemTov,Ricanati_Zicaron_aharon_ed,0.18,0.3333,9,6
30_1,KeterShemTov,UnKnownEskorial,0.0652,0.0,3,1
30_1,MeiratEinayim,RAMBAN,0.0758,0.0,5,1
30_1,MeiratEinayim,Rabenu_Bahayii,0.0667,,4,0
30_1,MeiratEinayim,Ricanati_Zicaron_aharon_ed,0.1111,0.0,8,6
30_1,MeiratEinayim,UnKnownEskorial,0.0938,0.5,6,2
30_1,RAMBAN,Rabenu_Bahayii,0.0513,1.0,2,1
30_1,RAMBAN,Ricanati_Zicaron_aharon_ed,0.2128,0.1111,10,9
30_1,RAMBAN,UnKnownEskorial,0.1463,0.0,6,4
30_1,Rabenu_Bahayii,Ricanati_Zicaron_aharon_ed,0.087,0.0,4,2
30_1,Rabenu_Bahayii,UnKnownEskorial,0.0526,,2,0
30_1,Ricanati_Zicaron_aharon_ed,UnKnownEskorial,0.1667,0.2,8,5
31,Comment_a_shuib_Parma_68,DaatChachamVatokan107,0.0513,0.0,2,1
31,Comment_a_shuib_Parma_68,DaatChachamVatokan114,0.0256,,1,0
31,Comment_a_shuib_Parma_68,IbnShuib,0.082,,5,0
31,Comment_a_shuib_Parma_68,KeterShemTov,0.0139,,1,0
31,Comment_a_shuib_Parma_68,MeiratEinayim,0.0959,0.0,7,2
31,Comment_a_shuib_Parma_68,RAMBAN,0.0811,,3,0
31,Comment_a_shuib_Parma_68,Rabenu_Bahayii,0.0488,0.0,4,1
31,Comment_a_shuib_Parma_68,Ricanati_Zicaron_aharon_ed,0.0,,0,0
31,Comment_a_shuib_Parma_68,UnKnownEskorial,0.0597,0.0,4,1
31,DaatChachamVatokan107,DaatChachamVatokan114,0.2105,0.0,4,1
31,DaatChachamVatokan107,IbnShuib,0.0,,0,0
31,DaatChachamVatokan107,KeterShemTov,0.037,,2,0
31,DaatChachamVatokan107,MeiratEinayim,0.0862,0.0,5,1
31,DaatChachamVatokan107,RAMBAN,0.0,,0,0
31,DaatChachamVatokan107,Rabenu_Bahayii,0.0455,0.0,3,1
31,DaatChachamVatokan107,Ricanati_Zicaron_aharon_ed,0.0,,0,0
31,DaatChachamVatokan107,UnKnownEskorial,0.0588,0.0,3,1
31,DaatChachamVatokan114,IbnShuib,0.0213,,1,0
31,DaatChachamVatokan114,KeterShemTov,0.0377,,2,0
31,DaatChachamVatokan114,MeiratEinayim,0.0508,,3,0
31,DaatChachamVatokan114,RAMBAN,0.0476,,1,0
31,DaatChachamVatokan114,Rabenu_Bahayii,0.0303,0.0,2,1
31,DaatChachamVatokan114,Ricanati_Zicaron_aharon_ed,0.0,,0,0
31,DaatChachamVatokan114,UnKnownEskorial,0.0392,1.0,2,1
31,IbnShuib,KeterShemTov,0.08,0.0,6,2
31,IbnShuib,MeiratEinayim,0.1579,0.1429,12,7
31,IbnShuib,RAMBAN,0.1163,0.0,5,2
31,IbnShuib,Rabenu_Bahayii,0.093,0.0,8,3
31,IbnShuib,Ricanati_Zicaron_aharon_ed,0.027,0.0,1,1
31,IbnShuib,UnKnownEskorial,0.0972,0.0,7,1
31,KeterShemTov,MeiratEinayim,0.0556,0.0,5,3
31,KeterShemTov,RAMBAN,0.0185,,1,0
31,KeterShemTov,Rabenu_Bahayii,0.0745,0.0,7,7
31,KeterShemTov,Ricanati_Zicaron_aharon_ed,0.0,,0,0
31,KeterShemTov,UnKnownEskorial,0.0617,0.0,5,1
31,MeiratEinayim,RAMBAN,0.1071,0.0,6,3
31,MeiratEinayim,Rabenu_Bahayii,0.1489,0.1111,14,9
31,MeiratEinayim,Ricanati_Zicaron_aharon_ed,0.0196,0.0,1,1
31,MeiratEinayim,UnKnownEskorial,0.1071,0.0,9,5
31,RAMBAN,Rabenu_Bahayii,0.0625,0.0,4,4
31,RAMBAN,Ricanati_Zicaron_aharon_ed,0.0,,0,0
31,RAMBAN,UnKnownEskorial,0.1042,0.3333,5,3
31,Rabenu_Bahayii,Ricanati_Zicaron_aharon_ed,0.0,,0,0
31,Rabenu_Bahayii,UnKnownEskorial,0.1124,0.0,10,6
31,Ricanati_Zicaron_aharon_ed,UnKnownEskorial,0.0238,0.0,1,1
32,DaatChachamVatokan107,DaatChachamVatokan114,0.4667,0.2391,35,46
32,DaatChachamVatokan107,IbnShuib,0.0899,0.0,8,1
32,DaatChachamVatokan107,KeterShemTov,0.075,0.0,9,2
32,DaatChachamVatokan107,MeiratEinayim,0.0588,0.0,9,3
32,DaatChachamVatokan107,RAMBAN,0.0353,,3,0
32,DaatChachamVatokan107,Rabenu_Bahayii,0.069,0.0,8,6
32,DaatChachamVatokan107,Ricanati_Zicaron_aharon_ed,0.1027,0.0,15,9
32,DaatChachamVatokan114,IbnShuib,0.0814,0.0,7,1
32,DaatChachamVatokan114,KeterShemTov,0.0504,,6,0
32,DaatChachamVatokan114,MeiratEinayim,0.0676,0.0,10,5
32,DaatChachamVatokan114,RAMBAN,0.0244,,2,0
32,DaatChachamVatokan114,Rabenu_Bahayii,0.0526,0.0,6,5
32,DaatChachamVatokan114,Ricanati_Zicaron_aharon_ed,0.1056,0.0,15,8
32,IbnShuib,KeterShemTov,0.12,0.1667,12,6
32,IbnShuib,MeiratEinayim,0.1417,0.12,18,25
32,IbnShuib,RAMBAN,0.1833,0.2857,11,7
32,IbnShuib,Rabenu_Bahayii,0.1031,0.0,10,5
32,IbnShuib,Ricanati_Zicaron_aharon_ed,0.1077,0.1429,14,7
32,KeterShemTov,MeiratEinayim,0.1645,0.0741,25,27
32,KeterShemTov,RAMBAN,0.0619,0.0,6,1
32,KeterShemTov,Rabenu_Bahayii,0.121,0.0,15,3
32,KeterShemTov,Ricanati_Zicaron_aharon_ed,0.1812,0.0,27,32
32,MeiratEinayim,RAMBAN,0.0625,0.2,8,5
32,MeiratEinayim,Rabenu_Bahayii,0.1391,0.1579,21,19
32,MeiratEinayim,Ricanati_Zicaron_aharon_ed,0.1359,0.0,25,17
32,RAMBAN,Rabenu_Bahayii,0.0316,0.0,3,1
32,RAMBAN,Ricanati_Zicaron_aharon_ed,0.0547,0.3333,7,3
32,Rabenu_Bahayii,Ricanati_Zicaron_aharon_ed,0.1633,0.1071,24,28
4,DaatChachamVatokan107,DaatChachamVatokan114,0.2778,0.5,5,4
4,DaatChachamVatokan107,IbnShuib,0.0851,,4,0
4,DaatChachamVatokan107,KenegedAsaraMaamaritLondon847,0.1111,0.0,2,3
4,DaatChachamVatokan107,KeterShemTov,0.15,0.0,3,1
4,DaatChachamVatokan107,KeterShemTovMS_L,0.08,0.0,2,1
4,DaatChachamVatokan107,Likutim_bhml_1978,0.087,,2,0
4,DaatChachamVatokan107,MeiratEinayim,0.0808,0.0,8,7
4,DaatChachamVatokan107,RAMBAN,0.1154,,3,0
4,DaatChachamVatokan107,Rabenu_Bahayii,0.082,0.0,5,2
4,DaatChachamVatokan107,Ricanati_Zicaron_aharon_ed,0.0,,0,0
4,DaatChachamVatokan107,SaportaOxford1645,0.0732,0.0,3,4
4,DaatChachamVatokan107,UnKnownEskorial,0.0541,,2,0
4,DaatChachamVatokan114,IbnShuib,0.0638,,3,0
4,DaatChachamVatokan114,KenegedAsaraMaamaritLondon847,0.1176,0.0,2,5
4,DaatChachamVatokan114,KeterShemTov,0.1579,0.0,3,3
4,DaatChachamVatokan114,KeterShemTovMS_L,0.0833,0.0,2,2
4,DaatChachamVatokan114,Likutim_bhml_1978,0.0435,,1,0
4,DaatChachamVatokan114,MeiratEinayim,0.0291,0.0,3,5
4,DaatChachamVatokan114,RAMBAN,0.037,,1,0
4,DaatChachamVatokan114,Rabenu_Bahayii,0.0317,0.0,2,2
4,DaatChachamVatokan114,Ricanati_Zicaron_aharon_ed,0.0,,0,0
4,DaatChachamVatokan114,SaportaOxford1645,0.0238,0.0,1,2
4,DaatChachamVatokan114,UnKnownEskorial,0.0,,0,0
4,IbnShuib,KenegedAsaraMaamaritLondon847,0.0217,,1,0
4,IbnShuib,KeterShemTov,0.0417,,2,0
4,IbnShuib,KeterShemTovMS_L,0.0385,,2,0
4,IbnShuib,Likutim_bhml_1978,0.2093,0.0,9,1
4,IbnShuib,MeiratEinayim,0.1167,0.0,14,9
4,IbnShuib,RAMBAN,0.2174,0.25,10,8
4,IbnShuib,Rabenu_Bahayii,0.1341,0.1429,11,7
4,IbnShuib,Ricanati_Zicaron_aharon_ed,0.0455,,2,0
4,IbnShuib,SaportaOxford1645,0.0758,0.0,5,1
4,IbnShuib,UnKnownEskorial,0.1379,0.25,8,8
4,KenegedAsaraMaamaritLondon847,KeterShemTov,0.1875,0.25,3,4
4,KenegedAsaraMaamaritLondon847,KeterShemTovMS_L,0.0455,0.0,1,2
4,KenegedAsaraMaamaritLondon847,Likutim_bhml_1978,0.0,,0,0
4,KenegedAsaraMaamaritLondon847,MeiratEinayim,0.051,0.4286,5,7
4,KenegedAsaraMaamaritLondon847,RAMBAN,0.0417,,1,0
4,KenegedAsaraMaamaritLondon847,Rabenu_Bahayii,0.069,0.0,4,4
4,KenegedAsaraMaamaritLondon847,Ricanati_Zicaron_aharon_ed,0.0,,0,0
4,KenegedAsaraMaamaritLondon847,SaportaOxford1645,0.0526,0.5,2,2
4,KenegedAsaraMaamaritLondon847,UnKnownEskorial,0.0294,,1,0
4,KeterShemTov,KeterShemTovMS_L,0.4444,0.375,8,8
4,KeterShemTov,Likutim_bhml_1978,0.0435,,1,0
4,KeterShemTov,MeiratEinayim,0.06,0.1429,6,7
4,KeterShemTov,RAMBAN,0.037,,1,0
4,KeterShemTov,Rabenu_Bahayii,0.0656,0.0,4,4
4,KeterShemTov,Ricanati_Zicaron_aharon_ed,0.125,,2,0
4,KeterShemTov,SaportaOxford1645,0.0238,0.0,1,1
4,KeterShemTov,UnKnownEskorial,0.027,,1,0
4,KeterShemTovMS_L,Likutim_bhml_1978,0.037,,1,0
4,KeterShemTovMS_L,MeiratEinayim,0.0577,0.0,6,11
4,KeterShemTovMS_L,RAMBAN,0.0323,,1,0
4,KeterShemTovMS_L,Rabenu_Bahayii,0.0615,0.0,4,5
4,KeterShemTovMS_L,Ricanati_Zicaron_aharon_ed,0.1,,2,0
4,KeterShemTovMS_L,SaportaOxford1645,0.0444,0.0,2,3
4,KeterShemTovMS_L,UnKnownEskorial,0.0244,,1,0
4,Likutim_bhml_1978,MeiratEinayim,0.0909,0.0,9,6
4,Likutim_bhml_1978,RAMBAN,0.1111,0.0,3,1
4,Likutim_bhml_1978,Rabenu_Bahayii,0.0635,0.0,4,1
4,Likutim_bhml_1978,Ricanati_Zicaron_aharon_ed,0.0526,,1,0
4,Likutim_bhml_1978,SaportaOxford1645,0.0714,0.0,3,1
4,Likutim_bhml_1978,UnKnownEskorial,0.1429,0.0,5,2
4,MeiratEinayim,RAMBAN,0.0667,0.5,7,2
4,MeiratEinayim,Rabenu_Bahayii,0.1374,0.0526,18,19
4,MeiratEinayim,Ricanati_Zicaron_aharon_ed,0.02,0.0,2,1
4,MeiratEinayim,SaportaOxford1645,0.1043,0.2143,12,14
4,MeiratEinayim,UnKnownEskorial,0.0609,0.0,7,1
4,RAMBAN,Rabenu_Bahayii,0.1094,0.2,7,5
4,RAMBAN,Ricanati_Zicaron_aharon_ed,0.0435,,1,0
4,RAMBAN,SaportaOxford1645,0.0889,0.0,4,1
4,RAMBAN,UnKnownEskorial,0.1579,1.0,6,3
4,Rabenu_Bahayii,Ricanati_Zicaron_aharon_ed,0.0,,0,0
4,Rabenu_Bahayii,SaportaOxford1645,0.0886,0.0,7,6
4,Rabenu_Bahayii,UnKnownEskorial,0.08,0.25,6,4
4,Ricanati_Zicaron_aharon_ed,SaportaOxford1645,0.0263,,1,0
4,Ricanati_Zicaron_aharon_ed,UnKnownEskorial,0.0303,,1,0
4,SaportaOxford1645,UnKnownEskorial,0.0536,0.0,3,1
5,DaatChachamVatokan107,DaatChachamVatokan114,0.2812,0.25,9,8
5,DaatChachamVatokan107,DaatChachamVatokan214,0.0312,,1,0
5,DaatChachamVatokan107,IbnShuib,0.0658,0.5,10,2
5,DaatChachamVatokan107,KenegedAsaraMaamaritLondon847,0.1562,0.0,5,8
5,DaatChachamVatokan107,KeterShemTov,0.04,,2,0
5,DaatChachamVatokan107,KeterShemTovMS_L,0.0741,,4,0
5,DaatChachamVatokan107,Likutim_bhml_1978,0.1017,0.0,6,2
5,DaatChachamVatokan107,MeiratEinayim,0.0707,0.0,7,7
5,DaatChachamVatokan107,RAMBAN,0.1,1.0,6,1
5,DaatChachamVatokan107,Rabenu_Bahayii,0.037,,2,0
5,DaatChachamVatokan107,Ricanati_Zicaron_aharon_ed,0.0548,0.5,4,2
5,DaatChachamVatokan107,SaportaOxford1645,0.0556,0.0,2,2
5,DaatChachamVatokan107,UnKnownEskorial,0.0189,,1,0
5,DaatChachamVatokan114,DaatChachamVatokan214,0.037,,1,0
5,DaatChachamVatokan114,IbnShuib,0.0329,,5,0
5,DaatChachamVatokan114,KenegedAsaraMaamaritLondon847,0.1429,0.0,4,5
5,DaatChachamVatokan114,KeterShemTov,0.093,0.5,4,2
5,DaatChachamVatokan114,KeterShemTovMS_L,0.0392,,2,0
5,DaatChachamVatokan114,Likutim_bhml_1978,0.0909,0.0,5,2
5,DaatChachamVatokan114,MeiratEinayim,0.0521,0.1667,5,6
5,DaatChachamVatokan114,RAMBAN,0.0517,,3,0
5,DaatChachamVatokan114,Rabenu_Bahayii,0.0851,,4,0
5,DaatChachamVatokan114,Ricanati_Zicaron_aharon_ed,0.0286,,2,0
5,DaatChachamVatokan114,SaportaOxford1645,0.1,0.0,3,4
5,DaatChachamVatokan114,UnKnownEskorial,0.0208,0.0,1,1
5,DaatChachamVatokan214,IbnShuib,0.0205,0.0,3,2
5,DaatChachamVatokan214,KenegedAsaraMaamaritLondon847,0.0435,,1,0
5,DaatChachamVatokan214,KeterShemTov,0.0263,,1,0
5,DaatChachamVatokan214,KeterShemTovMS_L,0.0227,,1,0
5,DaatChachamVatokan214,Likutim_bhml_1978,0.0196,,1,0
5,DaatChachamVatokan214,MeiratEinayim,0.022,,2,0
5,DaatChachamVatokan214,RAMBAN,0.0192,,1,0
5,DaatChachamVatokan214,Rabenu_Bahayii,0.0488,0.0,2,1
5,DaatChachamVatokan214,Ricanati_Zicaron_aharon_ed,0.0667,0.0,4,3
5,DaatChachamVatokan214,SaportaOxford1645,0.0417,,1,0
5,DaatChachamVatokan214,UnKnownEskorial,0.0,,0,0
5,IbnShuib,KenegedAsaraMaamaritLondon847,0.0268,0.0,4,1
5,IbnShuib,KeterShemTov,0.0633,0.1111,10,9
5,IbnShuib,KeterShemTovMS_L,0.0482,0.3333,8,3
5,IbnShuib,Likutim_bhml_1978,0.1529,0.1429,24,21
5,IbnShuib,MeiratEinayim,0.1269,0.0,25,33
5,IbnShuib,RAMBAN,0.1818,0.0962,28,52
5,IbnShuib,Rabenu_Bahayii,0.1026,0.0833,16,12
5,IbnShuib,Ricanati_Zicaron_aharon_ed,0.1488,0.0294,25,34
5,IbnShuib,SaportaOxford1645,0.0405,0.0,6,3
5,IbnShuib,UnKnownEskorial,0.0494,0.0,8,4
5,KenegedAsaraMaamaritLondon847,KeterShemTov,0.075,0.0,3,1
5,KenegedAsaraMaamaritLondon847,KeterShemTovMS_L,0.0426,,2,0
5,KenegedAsaraMaamaritLondon847,Likutim_bhml_1978,0.037,,2,0
5,KenegedAsaraMaamaritLondon847,MeiratEinayim,0.0543,0.125,5,8
5,KenegedAsaraMaamaritLondon847,RAMBAN,0.0962,,5,0
5,KenegedAsaraMaamaritLondon847,Rabenu_Bahayii,0.0217,,1,0
5,KenegedAsaraMaamaritLondon847,Ricanati_Zicaron_aharon_ed,0.0462,,3,0
5,KenegedAsaraMaamaritLondon847,SaportaOxford1645,0.16,0.5,4,2
5,KenegedAsaraMaamaritLondon847,UnKnownEskorial,0.0,,0,0
5,KeterShemTov,KeterShemTovMS_L,0.2308,0.5,12,4
5,KeterShemTov,Likutim_bhml_1978,0.0597,,4,0
5,KeterShemTov,MeiratEinayim,0.1429,0.0,14,15
5,KeterShemTov,RAMBAN,0.0746,0.0,5,2
5,KeterShemTov,Rabenu_Bahayii,0.069,0.0,4,1
5,KeterShemTov,Ricanati_Zicaron_aharon_ed,0.0779,0.0,6,1
5,KeterShemTov,SaportaOxford1645,0.1,,4,0
5,KeterShemTov,UnKnownEskorial,0.0169,,1,0
5,KeterShemTovMS_L,Likutim_bhml_1978,0.0845,0.0,6,1
5,KeterShemTovMS_L,MeiratEinayim,0.0926,0.0,10,9
5,KeterShemTovMS_L,RAMBAN,0.0685,0.0,5,2
5,KeterShemTovMS_L,Rabenu_Bahayii,0.0462,,3,0
5,KeterShemTovMS_L,Ricanati_Zicaron_aharon_ed,0.0471,,4,0
5,KeterShemTovMS_L,SaportaOxford1645,0.0,,0,0
5,KeterShemTovMS_L,UnKnownEskorial,0.0476,,3,0
5,Likutim_bhml_1978,MeiratEinayim,0.0965,0.0,11,9
5,Likutim_bhml_1978,RAMBAN,0.2319,0.5,16,4
5,Likutim_bhml_1978,Rabenu_Bahayii,0.0714,0.0,5,1
5,Likutim_bhml_1978,Ricanati_Zicaron_aharon_ed,0.1163,0.0,10,3
5,Likutim_bhml_1978,SaportaOxford1645,0.0755,0.0,4,1
5,Likutim_bhml_1978,UnKnownEskorial,0.1587,0.0,10,3
5,MeiratEinayim,RAMBAN,0.125,0.0667,14,15
5,MeiratEinayim,Rabenu_Bahayii,0.0642,0.25,7,4
5,MeiratEinayim,Ricanati_Zicaron_aharon_ed,0.123,0.0,15,10
5,MeiratEinayim,SaportaOxford1645,0.0769,0.0,7,5
5,MeiratEinayim,UnKnownEskorial,0.1068,0.0,11,7
5,RAMBAN,Rabenu_Bahayii,0.0556,0.0,4,2
5,RAMBAN,Ricanati_Zicaron_aharon_ed,0.2125,0.0909,17,22
5,RAMBAN,SaportaOxford1645,0.0943,0.0,5,1
5,RAMBAN,UnKnownEskorial,0.1212,0.0,8,6
5,Rabenu_Bahayii,Ricanati_Zicaron_aharon_ed,0.1299,0.0,10,7
5,Rabenu_Bahayii,SaportaOxford1645,0.0213,,1,0
5,Rabenu_Bahayii,UnKnownEskorial,0.0492,0.0,3,4
5,Ricanati_Zicaron_aharon_ed,SaportaOxford1645,0.0455,,3,0
5,Ricanati_Zicaron_aharon_ed,UnKnownEskorial,0.1039,0.0,8,5
5,SaportaOxford1645,UnKnownEskorial,0.0698,,3,0
6,Comment_a_shuib_Parma_68,DaatChachamVatokan107,0.0333,,1,0
6,Comment_a_shuib_Parma_68,DaatChachamVatokan114,0.0333,,1,0
6,Comment_a_shuib_Parma_68,IbnShuib,0.0,,0,0
6,Comment_a_shuib_Parma_68,KenegedAsaraMaamaritLondon847,0.0435,,2,0
6,Comment_a_shuib_Parma_68,KeterShemTov,0.0,,0,0
6,Comment_a_shuib_Parma_68,KeterShemTovMS_L,0.0149,,1,0
6,Comment_a_shuib_Parma_68,Likutim_bhml_1978,0.0,,0,0
6,Comment_a_shuib_Parma_68,MeiratEinayim,0.0174,,2,0
6,Comment_a_shuib_Parma_68,RAMBAN,0.0,,0,0
6,Comment_a_shuib_Parma_68,Rabenu_Bahayii,0.0,,0,0
6,Comment_a_shuib_Parma_68,Ricanati_Zicaron_aharon_ed,0.0132,,1,0
6,Comment_a_shuib_Parma_68,SaportaOxford1645,0.0,,0,0
6,Comment_a_shuib_Parma_68,UnKnownEskorial,0.0312,,1,0
6,DaatChachamVatokan107,DaatChachamVatokan114,0.2593,0.25,7,4
6,DaatChachamVatokan107,IbnShuib,0.0541,0.0,2,1
6,DaatChachamVatokan107,KenegedAsaraMaamaritLondon847,0.02,,1,0
6,DaatChachamVatokan107,KeterShemTov,0.0308,,2,0
6,DaatChachamVatokan107,KeterShemTovMS_L,0.029,,2,0
6,DaatChachamVatokan107,Likutim_bhml_1978,0.04,,1,0
6,DaatChachamVatokan107,MeiratEinayim,0.0256,,3,0
6,DaatChachamVatokan107,RAMBAN,0.0833,0.0,3,1
6,DaatChachamVatokan107,Rabenu_Bahayii,0.0286,0.0,2,1
6,DaatChachamVatokan107,Ricanati_Zicaron_aharon_ed,0.0667,0.0,5,3
6,DaatChachamVatokan107,SaportaOxford1645,0.0652,,3,0
6,DaatChachamVatokan107,UnKnownEskorial,0.0286,,1,0
6,DaatChachamVatokan114,IbnShuib,0.0541,,2,0
6,DaatChachamVatokan114,KenegedAsaraMaamaritLondon847,0.0408,,2,0
6,DaatChachamVatokan114,KeterShemTov,0.0469,0.0,3,2
6,DaatChachamVatokan114,KeterShemTovMS_L,0.0143,,1,0
6,DaatChachamVatokan114,Likutim_bhml_1978,0.0,,0,0
6,DaatChachamVatokan114,MeiratEinayim,0.0345,,4,0
6,DaatChachamVatokan114,RAMBAN,0.0541,,2,0
6,DaatChachamVatokan114,Rabenu_Bahayii,0.0,,0,0
6,DaatChachamVatokan114,Ricanati_Zicaron_aharon_ed,0.0256,,2,0
6,DaatChachamVatokan114,SaportaOxford1645,0.0208,,1,0
6,DaatChachamVatokan114,UnKnownEskorial,0.0588,,2,0
6,IbnShuib,KenegedAsaraMaamaritLondon847,0.0182,,1,0
6,IbnShuib,KeterShemTov,0.1429,0.0,9,8
6,IbnShuib,KeterShemTovMS_L,0.1176,0.0,8,7
6,IbnShuib,Likutim_bhml_1978,0.1923,0.3333,5,9
6,IbnShuib,MeiratEinayim,0.0776,0.1333,9,15
6,IbnShuib,RAMBAN,0.2222,0.25,8,12
6,IbnShuib,Rabenu_Bahayii,0.1159,0.0,8,10
6,IbnShuib,Ricanati_Zicaron_aharon_ed,0.1184,0.5,9,4
6,IbnShuib,SaportaOxford1645,0.0588,,3,0
6,IbnShuib,UnKnownEskorial,0.1081,0.0,4,4
6,KenegedAsaraMaamaritLondon847,KeterShemTov,0.05,0.0,4,2
6,KenegedAsaraMaamaritLondon847,KeterShemTovMS_L,0.0353,,3,0
6,KenegedAsaraMaamaritLondon847,Likutim_bhml_1978,0.0238,,1,0
6,KenegedAsaraMaamaritLondon847,MeiratEinayim,0.0379,0.0,5,2
6,KenegedAsaraMaamaritLondon847,RAMBAN,0.0566,0.0,3,1
6,KenegedAsaraMaamaritLondon847,Rabenu_Bahayii,0.023,,2,0
6,KenegedAsaraMaamaritLondon847,Ricanati_Zicaron_aharon_ed,0.0659,0.0,6,4
6,KenegedAsaraMaamaritLondon847,SaportaOxford1645,0.0154,,1,0
6,KenegedAsaraMaamaritLondon847,UnKnownEskorial,0.06,,3,0
6,KeterShemTov,KeterShemTovMS_L,0.3684,0.0769,28,39
6,KeterShemTov,Likutim_bhml_1978,0.0536,0.0,3,1
6,KeterShemTov,MeiratEinayim,0.0699,0.1111,10,9
6,KeterShemTov,RAMBAN,0.1613,0.0,10,5
6,KeterShemTov,Rabenu_Bahayii,0.0938,0.0,9,10
6,KeterShemTov,Ricanati_Zicaron_aharon_ed,0.2283,0.1154,21,26
6,KeterShemTov,SaportaOxford1645,0.0513,0.0,4,3
6,KeterShemTov,UnKnownEskorial,0.0952,0.0,6,1
6,KeterShemTovMS_L,Likutim_bhml_1978,0.05,0.0,3,1
6,KeterShemTovMS_L,MeiratEinayim,0.0608,0.0,9,5
6,KeterShemTovMS_L,RAMBAN,0.0857,0.0,6,3
6,KeterShemTovMS_L,Rabenu_Bahayii,0.0686,0.0,7,5
6,KeterShemTovMS_L,Ricanati_Zicaron_aharon_ed,0.17,0.0625,17,16
6,KeterShemTovMS_L,SaportaOxford1645,0.0617,0.0,5,4
6,KeterShemTovMS_L,UnKnownEskorial,0.058,0.0,4,1
6,Likutim_bhml_1978,MeiratEinayim,0.0566,0.1667,6,6
6,Likutim_bhml_1978,RAMBAN,0.1071,0.3333,3,3
6,Likutim_bhml_1978,Rabenu_Bahayii,0.0492,0.0,3,2
6,Likutim_bhml_1978,Ricanati_Zicaron_aharon_ed,0.0435,,3,0
6,Likutim_bhml_1978,SaportaOxford1645,0.0513,,2,0
6,Likutim_bhml_1978,UnKnownEskorial,0.037,,1,0
6,MeiratEinayim,RAMBAN,0.0417,0.25,5,4
6,MeiratEinayim,Rabenu_Bahayii,0.0604,0.0,9,7
6,MeiratEinayim,Ricanati_Zicaron_aharon_ed,0.0779,0.0,12,2
6,MeiratEinayim,SaportaOxford1645,0.0887,0.2,11,5
6,MeiratEinayim,UnKnownEskorial,0.0517,0.25,6,4
6,RAMBAN,Rabenu_Bahayii,0.1324,0.0,9,8
6,RAMBAN,Ricanati_Zicaron_aharon_ed,0.1486,0.1667,11,12
6,RAMBAN,SaportaOxford1645,0.0189,,1,0
6,RAMBAN,UnKnownEskorial,0.1389,0.5,5,2
6,Rabenu_Bahayii,Ricanati_Zicaron_aharon_ed,0.1028,0.0,11,8
6,Rabenu_Bahayii,SaportaOxford1645,0.061,,5,0
6,Rabenu_Bahayii,UnKnownEskorial,0.0882,0.1429,6,7
6,Ricanati_Zicaron_aharon_ed,SaportaOxford1645,0.0674,0.0,6,3
6,Ricanati_Zicaron_aharon_ed,UnKnownEskorial,0.0933,0.0,7,4
6,SaportaOxford1645,UnKnownEskorial,0.0408,,2,0
7_1,DaatChachamVatokan107,DaatChachamVatokan114,0.3429,0.3125,12,16
7_1,DaatChachamVatokan107,IbnShuib,0.0968,0.0,3,3
7_1,DaatChachamVatokan107,KenegedAsaraMaamaritLondon847,0.0606,,2,0
7_1,DaatChachamVatokan107,KeterShemTov,0.0909,0.0,3,1
7_1,DaatChachamVatokan107,KeterShemTovMS_L,0.0882,1.0,3,1
7_1,DaatChachamVatokan107,RAMBAN,0.129,0.25,4,4
7_1,DaatChachamVatokan107,Rabenu_Bahayii,0.0645,1.0,2,1
7_1,DaatChachamVatokan107,Ricanati_Zicaron_aharon_ed,0.0667,1.0,2,1
7_1,DaatChachamVatokan107,SaportaOxford1645,0.0625,0.0,2,1
7_1,DaatChachamVatokan107,UnKnownEskorial,0.0952,0.25,4,4
7_1,DaatChachamVatokan114,IbnShuib,0.129,0.0,4,2
7_1,DaatChachamVatokan114,KenegedAsaraMaamaritLondon847,0.0909,,3,0
7_1,DaatChachamVatokan114,KeterShemTov,0.0882,0.0,3,1
7_1,DaatChachamVatokan114,KeterShemTovMS_L,0.0857,0.5,3,2
7_1,DaatChachamVatokan114,RAMBAN,0.125,0.3333,4,3
7_1,DaatChachamVatokan114,Rabenu_Bahayii,0.0625,0.5,2,2
7_1,DaatChachamVatokan114,Ricanati_Zicaron_aharon_ed,0.0645,0.5,2,2
7_1,DaatChachamVatokan114,SaportaOxford1645,0.0606,0.0,2,1
7_1,DaatChachamVatokan114,UnKnownEskorial,0.1463,0.3333,6,3
7_1,IbnShuib,KenegedAsaraMaamaritLondon847,0.2105,0.0,4,3
7_1,IbnShuib,KeterShemTov,0.2,0.2,4,5
7_1,IbnShuib,KeterShemTovMS_L,0.1364,,3,0
7_1,IbnShuib,RAMBAN,0.2105,0.0,4,3
7_1,IbnShuib,Rabenu_Bahayii,0.1053,,2,0
7_1,IbnShuib,Ricanati_Zicaron_aharon_ed,0.1111,,2,0
7_1,IbnShuib,SaportaOxford1645,0.2222,0.0,4,3
7_1,IbnShuib,UnKnownEskorial,0.1724,1.0,5,1
7_1,KenegedAsaraMaamaritLondon847,KeterShemTov,0.1364,,3,0
7_1,KenegedAsaraMaamaritLondon847,KeterShemTovMS_L,0.0833,,2,0
7_1,KenegedAsaraMaamaritLondon847,RAMBAN,0.1429,,3,0
7_1,KenegedAsaraMaamaritLondon847,Rabenu_Bahayii,0.0476,,1,0
7_1,KenegedAsaraMaamaritLondon847,Ricanati_Zicaron_aharon_ed,0.05,,1,0
7_1,KenegedAsaraMaamaritLondon847,SaportaOxford1645,0.2105,,4,0
7_1,KenegedAsaraMaamaritLondon847,UnKnownEskorial,0.0938,,3,0
7_1,KeterShemTov,KeterShemTovMS_L,0.5,0.25,9,8
7_1,KeterShemTov,RAMBAN,0.1905,0.6667,4,3
7_1,KeterShemTov,Rabenu_Bahayii,0.15,0.5,3,2
7_1,KeterShemTov,Ricanati_Zicaron_aharon_ed,0.1579,0.5,3,2
7_1,KeterShemTov,SaportaOxford1645,0.1429,0.0,3,2
7_1,KeterShemTov,UnKnownEskorial,0.1613,0.0,5,3
7_1,KeterShemTovMS_L,RAMBAN,0.2381,0.25,5,4
7_1,KeterShemTovMS_L,Rabenu_Bahayii,0.2,1.0,4,2
7_1,KeterShemTovMS_L,Ricanati_Zicaron_aharon_ed,0.2105,1.0,4,2
7_1,KeterShemTovMS_L,SaportaOxford1645,0.087,,2,0
7_1,KeterShemTovMS_L,UnKnownEskorial,0.1935,0.25,6,4
7_1,RAMBAN,Rabenu_Bahayii,0.2222,0.3333,4,3
7_1,RAMBAN,Ricanati_Zicaron_aharon_ed,0.3125,0.25,5,4
7_1,RAMBAN,SaportaOxford1645,0.0952,,2,0
7_1,RAMBAN,UnKnownEskorial,0.2069,0.2,6,5
7_1,Rabenu_Bahayii,Ricanati_Zicaron_aharon_ed,0.2667,1.0,4,2
7_1,Rabenu_Bahayii,SaportaOxford1645,0.1053,,2,0
7_1,Rabenu_Bahayii,UnKnownEskorial,0.1,1.0,3,1
7_1,Ricanati_Zicaron_aharon_ed,SaportaOxford1645,0.1111,,2,0
7_1,Ricanati_Zicaron_aharon_ed,UnKnownEskorial,0.1429,1.0,4,1
7_1,SaportaOxford1645,UnKnownEskorial,0.0303,,1,0
7_2,DaatChachamVatokan114,IbnShuib,0.1613,0.5,5,2
7_2,DaatChachamVatokan114,KenegedAsaraMaamaritLondon847,0.3043,0.2,7,5
7_2,DaatChachamVatokan114,KeterShemTov,0.0769,,2,0
7_2,DaatChachamVatokan114,KeterShemTovMS_L,0.0811,,3,0
7_2,DaatChachamVatokan114,MeiratEinayim,0.1562,0.5,5,2
7_2,IbnShuib,KenegedAsaraMaamaritLondon847,0.0968,0.5,3,2
7_2,IbnShuib,KeterShemTov,0.1034,,3,0
7_2,IbnShuib,KeterShemTovMS_L,0.1579,0.5,6,2
7_2,IbnShuib,MeiratEinayim,0.1081,0.5,4,2
7_2,KenegedAsaraMaamaritLondon847,KeterShemTov,0.04,,1,0
7_2,KenegedAsaraMaamaritLondon847,KeterShemTovMS_L,0.0556,,2,0
7_2,KenegedAsaraMaamaritLondon847,MeiratEinayim,0.1667,1.0,5,2
7_2,KeterShemTov,KeterShemTovMS_L,0.3846,0.4,10,10
7_2,KeterShemTov,MeiratEinayim,0.1379,,4,0
7_2,KeterShemTovMS_L,MeiratEinayim,0.125,0.0,5,2
8,DaatChachamVatokan107,DaatChachamVatokan114,0.3111,0.1905,14,21
8,DaatChachamVatokan107,IbnShuib,0.1667,0.0,6,6
8,DaatChachamVatokan107,KenegedAsaraMaamaritLondon847,0.1,,3,0
8,DaatChachamVatokan107,KeterShemTov,0.0333,,1,0
8,DaatChachamVatokan107,KeterShemTovMS_L,0.0333,,1,0
8,DaatChachamVatokan107,Likutim_bhml_1978,0.125,0.0,4,4
8,DaatChachamVatokan107,MeiratEinayim,0.075,,3,0
8,DaatChachamVatokan107,RAMBAN,0.1,,3,0
8,DaatChachamVatokan107,Rabenu_Bahayii,0.119,0.0,5,3
8,DaatChachamVatokan114,IbnShuib,0.1277,0.1111,6,9
8,DaatChachamVatokan114,KenegedAsaraMaamaritLondon847,0.0476,,2,0
8,DaatChachamVatokan114,KeterShemTov,0.0,,0,0
8,DaatChachamVatokan114,KeterShemTovMS_L,0.0,,0,0
8,DaatChachamVatokan114,Likutim_bhml_1978,0.119,0.0,5,3
8,DaatChachamVatokan114,MeiratEinayim,0.08,0.0,4,1
8,DaatChachamVatokan114,RAMBAN,0.1,0.0,4,3
8,DaatChachamVatokan114,Rabenu_Bahayii,0.0943,0.0,5,7
8,IbnShuib,KenegedAsaraMaamaritLondon847,0.125,0.0,3,2
8,IbnShuib,KeterShemTov,0.087,,2,0
8,IbnShuib,KeterShemTovMS_L,0.087,,2,0
8,IbnShuib,Likutim_bhml_1978,0.3636,0.25,8,8
8,IbnShuib,MeiratEinayim,0.1562,0.0,5,3
8,IbnShuib,RAMBAN,0.125,0.0,3,3
8,IbnShuib,Rabenu_Bahayii,0.1081,0.0,4,1
8,KenegedAsaraMaamaritLondon847,KeterShemTov,0.1429,0.0,2,1
8,KenegedAsaraMaamaritLondon847,KeterShemTovMS_L,0.1429,0.0,2,1
8,KenegedAsaraMaamaritLondon847,Likutim_bhml_1978,0.1053,0.0,2,2
8,KenegedAsaraMaamaritLondon847,MeiratEinayim,0.0769,,2,0
8,KenegedAsaraMaamaritLondon847,RAMBAN,0.2857,1.0,4,2
8,KenegedAsaraMaamaritLondon847,Rabenu_Bahayii,0.1429,0.0,4,4
8,KeterShemTov,KeterShemTovMS_L,1.0,0.5,7,12
8,KeterShemTov,Likutim_bhml_1978,0.0556,,1,0
8,KeterShemTov,MeiratEinayim,0.0833,,2,0
8,KeterShemTov,RAMBAN,0.1429,0.0,2,1
8,KeterShemTov,Rabenu_Bahayii,0.0714,,2,0
8,KeterShemTovMS_L,Likutim_bhml_1978,0.0556,,1,0
8,KeterShemTovMS_L,MeiratEinayim,0.0833,,2,0
8,KeterShemTovMS_L,RAMBAN,0.1429,0.0,2,1
8,KeterShemTovMS_L,Rabenu_Bahayii,0.0714,,2,0
8,Likutim_bhml_1978,MeiratEinayim,0.1923,0.0,5,6
8,Likutim_bhml_1978,RAMBAN,0.1053,0.0,2,2
8,Likutim_bhml_1978,Rabenu_Bahayii,0.0606,1.0,2,1
8,MeiratEinayim,RAMBAN,0.0769,0.0,2,1
8,MeiratEinayim,Rabenu_Bahayii,0.0769,0.0,3,4
8,RAMBAN,Rabenu_Bahayii,0.0667,0.0,2,1
9,IbnShuib,KenegedAsaraMaamaritLondon847,0.2188,0.1667,7,6
9,IbnShuib,KeterShemTov,0.1379,0.0,4,3
9,IbnShuib,KeterShemTovMS_L,0.0968,0.0,3,1
9,IbnShuib,MeiratEinayim,0.1379,0.1667,8,6
9,IbnShuib,RAMBAN,0.1429,0.25,4,4
9,IbnShuib,Rabenu_Bahayii,0.1892,0.5,7,2
9,KenegedAsaraMaamaritLondon847,KeterShemTov,0.125,0.0,2,1
9,KenegedAsaraMaamaritLondon847,KeterShemTovMS_L,0.1875,0.0,3,1
9,KenegedAsaraMaamaritLondon847,MeiratEinayim,0.2143,0.1,9,10
9,KenegedAsaraMaamaritLondon847,RAMBAN,0.2143,0.5,3,2
9,KenegedAsaraMaamaritLondon847,Rabenu_Bahayii,0.2609,1.0,6,2
9,KeterShemTov,KeterShemTovMS_L,0.625,0.125,5,8
9,KeterShemTov,MeiratEinayim,0.0714,0.25,3,4
9,KeterShemTov,RAMBAN,0.2222,0.0,2,1
9,KeterShemTov,Rabenu_Bahayii,0.15,0.5,3,2
9,KeterShemTovMS_L,MeiratEinayim,0.122,0.3333,5,6
9,KeterShemTovMS_L,RAMBAN,0.2,0.0,2,1
9,KeterShemTovMS_L,Rabenu_Bahayii,0.0909,0.0,2,1
9,MeiratEinayim,RAMBAN,0.1282,0.5,5,6
9,MeiratEinayim,Rabenu_Bahayii,0.1429,0.1429,7,7
9,RAMBAN,Rabenu_Bahayii,0.2222,0.3333,4,3
