section,passage_suggested,cited_by,also,lemma,chars,commentators,note
1,"בראשית ב,ז",5,"בראשית א,ב (2) · בראשית א,א (2)","וי""י הולך לפניהם יומם",1471,11,⚠ שגיאת נתונים ידועה: גרף הרמב״ן של סעיף זה הוא גרף נכון של הקטע השגוי (תוכן של §13). נשמר במכוון כבקרה.
2,"בראשית ד,כה",5,"בראשית ד,ב (4) · דברים ג,כו (3)","וקראה האחד בשם קין והשני הבל, כי קנין האדם להבל דמה, ולא רצתה לפרש זה,",130,7,
3,"בראשית ו,ד",2,"דברים כב,ז (1) · בראשית ה,א (1)",אבל המדרש אשר לרבי אליעזר הגדול בפרקיו על המלאכים שנפלו ממקום קדושתן מ,174,6,
4,"בראשית ו,ו",9,"בראשית ו,ז (5) · שמות לב,יד (2)","וינחם י""י ויתעצב אל לבו",390,13,
5,"בראשית ט,יג",13,"בראשית ט,יד (8) · בראשית יז,יא (5)",אבל יש לרבותינו בפרשה הזאת סוד נעלם. אמרו בבראשית רבה: את קשתי נתתי בע,1612,14,
6,"בראשית יא,ד",7,"בראשית יא,ב (4) · בראשית יא,ה (4)","אבל היודע פירוש 'שם' יבין כונתם, ממה שאמרו: ונעשה לנו שם, וידע כמה השי",826,14,
7_1,"בראשית יז,כב",8,"בראשית לה,יג (2)",ויעל אלהים מעל אברהם,228,11,
7_2,"בראשית לה,יג",4,,ויעל מעליו אלהים במקום [אשר דבר אתו]... ועל דרך האמת: עלה מעליו אלהים ,165,7,⚠ גרף ריק או כמעט ריק — הוצא מכל דירוג.
8,"בראשית כב,א",2,"במדבר כא,ט (2) · בראשית כב,טז (2)",וַיֹּאמֶר: 'אַל תִּשְׁלַח יָדְךָ אֶל הַנַּעַר וְאַל תַּעַשׂ לוֹ מְאוּמ,281,11,
9,"בראשית לג,כ",3,"במדבר כג,ח (1)","ועל דרך האמת: הוא כמדרש רבותינו שדרשו במסכת מגלה: מנין שקראו הקב""ה ליע",412,8,⚠ גרף ריק או כמעט ריק — הוצא מכל דירוג.
10,"בראשית לח,כח",9,"בראשית לח,כט (4) · בראשית לח,ל (3)","ובמדרשו של רבי נחוניא בן הקנה יזכיר סוד בשם אלה הילודים, אמרו: איקרי ז",674,12,
11,"דברים לג,יב",9,"בראשית מט,לג (8) · דברים כט,יב (2)",ויגוע ויאסף,738,11,
12,"שמות ב,כה",10,"בראשית ד,א (5) · שמות ב,כד (4)",וירא אלהים את בני ישראל,946,14,
13,"שמות יג,כא",7,"במדבר יד,יד (6) · דברים ה,ד (1)","וי""י הולך לפניהם יומם",1471,11,
14,"שמות יז,יא",6,"שמות יז,יב (2) · במדבר יג,ל (1)",וטעם ויהי ידיו אמונה,301,13,
15,"שמות יז,טז",8,"דברים כה,יט (2) · שמות יז,יג (2)",כי יד על כס יה,575,10,
16,"דברים ה,ד",7,"שמות יט,כ (5) · שמות כ,א (5)","וירד י""י על הר סיני",2171,9,
17,"שמות כ,ח",4,"דברים ה,יב (3) · בראשית ב,ג (2)",שמור את יום השבת לקדשו,6551,12,
18,"שמות כג,כא",6,"שמות כג,כב (5) · שמות לג,ג (5)","ועל דרך האמת, המלאך הזה שהובטחו בו בכאן הוא 'המלאך הגואל' אשר השם הגדו",2721,10,
19,"שמות כד,י",1,,ותחת רגליו כמעשה לבנת הספיר,492,2,
19_1,"דברים ד,לו",5,"דברים ה,כא (5) · שמות כד,י (4)","וסוד המשכן הוא, שיהיה הכבוד אשר שכן על הר סיני",2423,9,
19_2,"במדבר יד,ד",6,"שמות לב,טז (5) · שמות כה,כ (3)","ואל הארון תתן את העדות. לא ידעתי למה נכפל, שהרי כבר אמור: ונתת אל הארו",2154,12,
20,"שמות כה,לז",5,"שמות כ,כא (4) · שמות כה,כד (2)","זר זהב""",1151,13,
21,"שמות כט,מו",5,"ויקרא כו,מב (2) · במדבר כ,כד (2)",לשכני בתוכם,1066,10,
22,"ויקרא א,ט",6,"במדבר כח,ב (5) · ויקרא ג,יא (4)","ועל דרך האמת יש בקרבנות סוד נעלם, תכנס בו ממה שאמרו רבותינו בספרי ובסו",3695,10,
23,"ויקרא י,א",8,"ויקרא י,ב (8) · דברים לג,י (7)","זה החטא בנדב ואביהוא תדענו ממה שאמר ""ויקריבו לפני י""י אש זרה"", ולא אמר",851,10,
24,"ויקרא יז,ז",8,"ויקרא טז,ח (8) · בראשית כז,יא (7)",וגורל אחד לעזאזל,6392,13,
25,"ויקרא כ,ג",7,"ויקרא כ,ה (4) · דברים כג,ט (2)","ועל דרך האמת, ישראל זרע הקדש נולדים בבית י״י. וזה טעם ""אשר ילדו לי"" (י",382,9,
25_2,"ויקרא כ,ג",6,"ויקרא כ,ה (5) · דברים לב,ט (2)",למען טמא את מקדשי,1557,9,
26,"ויקרא כג,כד",8,"במדבר כט,א (8) · שמות טו,ג (6)","ולא פירש הכתוב טעם המצוה הזאת, למה התרועה, ולמה נצטרך זכרון לפני השם ב",2774,13,
26_1,"במדבר י,י",5,"במדבר י,ו (3) · במדבר י,ז (3)","תרועה יתקעו למסעיהם""",1131,9,
27,"ויקרא כג,מ",10,"בראשית מט,כד (6) · ויקרא כג,לט (5)",ועל דרך האמת: פרי עץ הדר,3056,12,
28,"ויקרא כו,טז",3,"ויקרא כו,כח (3) · ויקרא כו,מו (2)","וטעם ""אף אני אעשה זאת לכם"" על דרך האמת כמו בהפוך: אף אני זאת אעשה לכם.",2062,3,
29,"במדבר ד,כ",8,"שמות יט,כא (3) · שמות כו,לד (2)",ולא יבאו לראות כבלע את הקדש,1711,9,
30,"במדבר כ,יב",8,"דברים לב,51 (7) · שמות יז,ו (7)","והאמת, כי הענין סוד גדול מסתרי התורה, כי בראשונה אמר לו ""הנני עומד לפנ",1890,11,
30_1,"דברים ג,כד",6,"שמות ג,ו (4) · במדבר כ,יב (1)","י""י אלהים",664,9,
31,"דברים ה,כו",8,"במדבר יב,ח (1) · שמות לג,יא (1)",מי יתן והיה לבבם זה להם ליראה אותי,485,10,
32,"דברים ו,ד",7,"דברים כג,ו (4) · דברים ו,ה (3)","ואתה צריך להתבונן בזה, כי שינה הכתוב בכאן לומר ""אלהינו"", ולא אמר 'אלהי",1087,8,
